﻿<?xml version="1.0"?>
<doc>
<assembly>
<name>
toho_arrange_circle_database
</name>
</assembly>
<members>
<member name="T:toho_arrange_circle_database.Toho_arrange_circle_databaseDataSet.アレンジサークルリストDataTable">
	<summary>
Represents the strongly named DataTable class.
</summary>
</member><member name="T:toho_arrange_circle_database.Toho_arrange_circle_databaseDataSet.アレンジサークルリストRow">
	<summary>
Represents strongly named DataRow class.
</summary>
</member><member name="T:toho_arrange_circle_database.Toho_arrange_circle_databaseDataSet.アレンジサークルリストRowChangeEvent">
	<summary>
Row event argument class
</summary>
</member><member name="T:toho_arrange_circle_database.Toho_arrange_circle_databaseDataSet">
	<summary>
Represents a strongly typed in-memory cache of data.
</summary>
</member><member name="T:toho_arrange_circle_database.Toho_arrange_circle_databaseDataSetTableAdapters.アレンジサークルリストTableAdapter">
	<summary>
Represents the connection and commands used to retrieve and save data.
</summary>
</member><member name="M:toho_arrange_circle_database.Toho_arrange_circle_databaseDataSetTableAdapters.TableAdapterManager.UpdateUpdatedRows(toho_arrange_circle_database.Toho_arrange_circle_databaseDataSet,System.Collections.Generic.List{System.Data.DataRow},System.Collections.Generic.List{System.Data.DataRow})">
	<summary>
Update rows in top-down order.
</summary>
</member><member name="M:toho_arrange_circle_database.Toho_arrange_circle_databaseDataSetTableAdapters.TableAdapterManager.UpdateInsertedRows(toho_arrange_circle_database.Toho_arrange_circle_databaseDataSet,System.Collections.Generic.List{System.Data.DataRow})">
	<summary>
Insert rows in top-down order.
</summary>
</member><member name="M:toho_arrange_circle_database.Toho_arrange_circle_databaseDataSetTableAdapters.TableAdapterManager.UpdateDeletedRows(toho_arrange_circle_database.Toho_arrange_circle_databaseDataSet,System.Collections.Generic.List{System.Data.DataRow})">
	<summary>
Delete rows in bottom-up order.
</summary>
</member><member name="M:toho_arrange_circle_database.Toho_arrange_circle_databaseDataSetTableAdapters.TableAdapterManager.GetRealUpdatedRows(System.Data.DataRow[],System.Collections.Generic.List{System.Data.DataRow})">
	<summary>
Remove inserted rows that become updated rows after calling TableAdapter.Update(inserted rows) first
</summary>
</member><member name="M:toho_arrange_circle_database.Toho_arrange_circle_databaseDataSetTableAdapters.TableAdapterManager.UpdateAll(toho_arrange_circle_database.Toho_arrange_circle_databaseDataSet)">
	<summary>
Update all changes to the dataset.
</summary>
</member><member name="T:toho_arrange_circle_database.Toho_arrange_circle_databaseDataSetTableAdapters.TableAdapterManager.UpdateOrderOption">
	<summary>
Update Order Option
</summary>
</member><member name="T:toho_arrange_circle_database.Toho_arrange_circle_databaseDataSetTableAdapters.TableAdapterManager.SelfReferenceComparer">
	<summary>
Used to sort self-referenced table's rows
</summary>
</member><member name="T:toho_arrange_circle_database.Toho_arrange_circle_databaseDataSetTableAdapters.TableAdapterManager">
	<summary>
TableAdapterManager is used to coordinate TableAdapters in the dataset to enable Hierarchical Update scenarios
</summary>
</member><member name="P:toho_arrange_circle_database.My.Resources.Resources.ResourceManager">
	<summary>
  Returns the cached ResourceManager instance used by this class.
</summary>
</member><member name="P:toho_arrange_circle_database.My.Resources.Resources.Culture">
	<summary>
  Overrides the current thread's CurrentUICulture property for all
  resource lookups using this strongly typed resource class.
</summary>
</member><member name="T:toho_arrange_circle_database.My.Resources.Resources">
	<summary>
  A strongly-typed resource class, for looking up localized strings, etc.
</summary>
</member>
</members>
</doc>