"Date","ZQ","Total.Z","Time.to.Z","Time.in.Wake","Time.in.REM","Time.in.Light","Time.in.Deep","Awakenings","Morning.Feel","Disturbance","Noopept","Magtein","Magnesium.citrate"
"2012-02-16",96,571,3,42,151,357,63,10,3,1.030707765,"NA","NA","NA"
"2012-02-17",89,573,18,42,155,371,47,17,3,4.4452150587,"NA","NA","NA"
"2012-02-18",77,476,51,73,128,298,50,9,3,5.8893466491,"NA","NA","NA"
"2012-02-19",78,477,25,48,132,286,60,14,2,4.2926391475,"NA","NA","NA"
"2012-02-20",79,476,30,75,162,259,56,12,2,5.4248000409,"NA","NA","NA"
"2012-02-21",94,542,29,41,184,293,66,13,3,3.8921628222,"NA","NA","NA"
"2012-02-22","NA","NA","NA","NA","NA","NA","NA","NA","NA","NA","NA","NA","NA"
"2012-02-23",112,591,2,7,172,331,88,3,3,-3.1861385432,"NA","NA","NA"
"2012-02-24",98,555,2,28,144,337,74,8,2,-0.4373401306,"NA","NA","NA"
"2012-02-25",91,507,41,33,179,263,66,8,3,2.7162691788,"NA","NA","NA"
"2012-02-26",115,630,2,16,181,370,79,5,4,-2.0550755886,"NA","NA","NA"
"2012-02-27",100,571,21,22,178,324,70,12,4,1.9713543772,"NA","NA","NA"
"2012-02-28",99,564,52,23,184,332,49,5,3,2.0190176526,"NA","NA","NA"
"2012-02-29",88,545,2,66,167,330,48,11,3,2.5472842119,"NA","NA","NA"
"2012-03-01",81,448,1,33,165,224,60,8,2,-0.2485985775,"NA","NA","NA"
"2012-03-03",135,689,8,2,196,375,118,3,4,-3.0042716268,"NA","NA","NA"
"2012-03-04",105,562,17,20,182,298,83,7,3,-0.0750504723,"NA","NA","NA"
"2012-03-05",86,505,57,54,138,301,66,10,2,5.6641510288,"NA","NA","NA"
"2012-03-06",89,521,33,39,168,296,57,11,3,3.425595189,"NA","NA","NA"
"2012-03-07",92,539,15,27,167,324,49,9,3,0.8026237958,"NA","NA","NA"
"2012-03-08",94,541,20,49,174,298,69,10,4,2.6587851073,"NA","NA","NA"
"2012-03-09",91,507,33,16,147,298,62,5,3,0.2426969225,"NA","NA","NA"
"2012-03-10",115,633,18,20,227,336,71,8,4,0.3280257766,"NA","NA","NA"
"2012-03-11",94,567,48,55,130,362,76,13,3,6.0364920981,"NA","NA","NA"
"2012-03-12",93,564,22,35,170,347,47,11,3,2.3999659584,"NA","NA","NA"
"2012-03-13",18,88,22,4,14,49,26,1,"NA",-2.5193317234,"NA","NA","NA"
"2012-03-14",89,486,53,12,133,281,73,6,2,1.8437947581,"NA","NA","NA"
"2012-03-15",95,525,52,17,180,281,65,8,2,2.6904454212,"NA","NA","NA"
"2012-03-16",95,531,36,16,178,295,58,7,3,1.1229711143,"NA","NA","NA"
"2012-03-17",84,493,18,34,157,274,63,13,3,2.7088156434,"NA","NA","NA"
"2012-03-18",80,455,21,9,137,271,48,6,3,-0.6858173952,"NA","NA","NA"
"2012-03-19",103,571,10,17,185,313,73,9,4,-0.0937111678,"NA","NA","NA"
"2012-03-20",91,500,23,11,150,284,66,6,4,-0.4324287085,"NA","NA","NA"
"2012-03-21",25,104,16,0,8,49,47,0,3,-3.5033070394,"NA","NA","NA"
"2012-03-22",90,482,31,20,161,251,70,6,1,0.6336986874,"NA","NA","NA"
"2012-03-23",102,518,28,4,165,263,90,4,3,-1.0877378949,"NA","NA","NA"
"2012-03-24",93,506,25,18,168,271,67,6,3,0.0838232251,"NA","NA","NA"
"2012-03-25",84,458,22,7,123,263,73,8,2,-0.05893189,"NA","NA","NA"
"2012-03-26",109,586,14,16,226,282,78,9,4,0.1502029584,"NA","NA","NA"
"2012-03-27",101,536,14,8,163,289,84,6,3,-1.2572419019,"NA","NA","NA"
"2012-03-28",96,512,31,12,173,268,72,5,3,-0.1158370629,"NA","NA","NA"
"2012-03-29",92,509,19,18,166,284,59,5,3,-0.6898614933,"NA","NA","NA"
"2012-03-30",91,510,15,36,151,283,76,10,2,1.6047321954,"NA","NA","NA"
"2012-03-31",102,535,17,7,161,294,81,3,3,-2.0743131346,"NA","NA","NA"
"2012-04-01",71,398,28,6,85,262,52,4,2,-0.9825925961,"NA","NA","NA"
"2012-04-02",97,541,19,40,175,290,77,10,4,2.1115095687,"NA","NA","NA"
"2012-04-03",86,484,30,13,126,299,59,6,2,0.1915684476,"NA","NA","NA"
"2012-04-04",112,587,22,5,205,297,85,5,4,-1.1509408539,"NA","NA","NA"
"2012-04-05",83,467,14,16,156,259,53,7,3,-0.5077061516,"NA","NA","NA"
"2012-04-06",93,521,25,27,181,281,60,7,3,0.8859316248,"NA","NA","NA"
"2012-04-07",95,509,14,13,163,277,70,5,3,-1.3233332099,"NA","NA","NA"
"2012-04-08",94,524,18,15,163,301,61,6,4,-0.5927465804,"NA","NA","NA"
"2012-04-09","NA","NA","NA","NA","NA","NA","NA","NA","NA","NA","NA","NA","NA"
"2012-04-10",80,450,38,36,131,257,62,6,2,1.9937129352,"NA","NA","NA"
"2012-04-11",92,503,33,14,166,287,51,2,3,-0.8493120413,"NA","NA","NA"
"2012-04-12",96,545,19,20,163,313,69,10,3,1.0600565806,"NA","NA","NA"
"2012-04-13",89,497,26,16,167,276,54,6,3,0.0527996202,"NA","NA","NA"
"2012-04-14",109,593,18,20,194,329,71,5,3,-0.6588378884,"NA","NA","NA"
"2012-04-15",77,432,24,17,137,249,46,5,2,-0.3718256732,"NA","NA","NA"
"2012-04-16",115,616,7,19,197,327,93,8,1,-0.5398855057,"NA","NA","NA"
"2012-04-17",85,486,13,28,156,282,49,6,2,-0.2799106077,"NA","NA","NA"
"2012-04-18",93,538,20,32,167,316,55,7,2,0.7781864023,"NA","NA","NA"
"2012-04-19",96,554,30,32,186,307,62,12,3,3.1641761165,"NA","NA","NA"
"2012-04-20",76,412,30,11,120,235,58,4,2,-0.5714859612,"NA","NA","NA"
"2012-04-21",91,513,16,25,161,287,66,9,3,0.7716001909,"NA","NA","NA"
"2012-04-22",63,374,68,86,104,216,55,5,1,6.5170416677,"NA","NA","NA"
"2012-04-23",103,598,20,34,174,357,68,10,4,1.8701953662,"NA","NA","NA"
"2012-04-24",93,518,35,11,161,296,61,6,3,0.4570316183,"NA","NA","NA"
"2012-04-25",82,476,87,20,149,274,54,11,3,6.4292863212,"NA","NA","NA"
"2012-04-26",86,508,30,38,152,292,65,13,4,3.8085665679,"NA","NA","NA"
"2012-04-27",93,515,25,38,135,310,71,3,3,0.1484125482,"NA","NA","NA"
"2012-04-28",98,538,22,11,185,293,60,5,3,-0.8355049575,"NA","NA","NA"
"2012-04-29",105,576,27,12,217,294,65,9,2,0.9034943816,"NA","NA","NA"
"2012-05-01",92,485,53,18,162,235,88,9,2,3.1460943196,"NA","NA","NA"
"2012-05-02",105,583,20,15,206,312,65,8,2,0.2134059174,"NA","NA","NA"
"2012-05-03",79,472,29,45,158,267,47,10,2,3.1155897548,"NA","NA","NA"
"2012-05-04",90,499,28,21,170,265,64,8,3,1.1218153651,"NA","NA","NA"
"2012-05-05",86,469,66,17,139,260,70,6,1,3.0702400259,"NA","NA","NA"
"2012-05-06",93,520,18,49,171,266,83,12,3,3.1684508295,"NA","NA","NA"
"2012-05-07",89,495,21,25,142,275,78,10,3,1.4711632154,"NA","NA","NA"
"2012-05-08",95,518,41,14,161,289,68,5,3,0.730525175,"NA","NA","NA"
"2012-05-09",98,538,25,8,164,312,63,4,4,-1.099812379,"NA","NA","NA"
"2012-05-10",88,494,52,25,160,285,50,4,3,1.7952083964,"NA","NA","NA"
"2012-05-11",97,554,20,31,168,315,71,11,3,2.041431973,"NA","NA","NA"
"2012-05-12",54,313,2,31,133,156,24,4,2,-1.5954404025,"NA","NA","NA"
"2012-05-13",103,558,29,16,184,300,74,6,3,0.2751647019,"NA","NA","NA"
"2012-05-14",92,541,16,46,177,296,69,15,3,3.8493531585,"NA","NA","NA"
"2012-05-15",103,555,19,6,163,312,80,6,4,-0.9917787312,"NA","NA","NA"
"2012-05-16",99,561,27,29,201,297,64,11,4,2.4551385315,"NA","NA","NA"
"2012-05-18",101,553,26,12,174,309,71,6,2,-0.1574909774,"NA","NA","NA"
"2012-05-19",81,454,20,41,147,247,60,6,2,0.9223856919,"NA","NA","NA"
"2012-05-20",103,553,16,9,174,309,71,4,3,-1.7143349747,"NA","NA","NA"
"2012-05-21",88,500,24,40,155,285,60,6,3,1.1662998181,"NA","NA","NA"
"2012-05-22",90,511,22,10,145,313,53,5,2,-0.8880776069,"NA","NA","NA"
"2012-05-23",73,396,31,8,88,244,65,4,2,-0.6550822155,"NA","NA","NA"
"2012-05-24",118,650,11,19,233,347,70,7,4,-0.5723532851,"NA","NA","NA"
"2012-05-25",83,485,26,34,138,288,60,10,3,2.3149255296,"NA","NA","NA"
"2012-05-27",95,543,12,14,168,317,59,10,3,0.2257688268,"NA","NA","NA"
"2012-05-28",98,539,30,12,207,275,57,8,3,0.7969049083,"NA","NA","NA"
"2012-05-29",87,486,27,13,171,265,50,6,2,-0.0307966341,"NA","NA","NA"
"2012-05-30",88,505,22,25,162,281,63,12,3,2.2031940194,"NA","NA","NA"
"2012-05-31",92,524,24,17,139,320,65,9,2,0.9439925469,"NA","NA","NA"
"2012-06-01",76,427,31,10,115,269,43,2,2,-1.2078460268,"NA","NA","NA"
"2012-06-02",101,552,15,24,163,309,81,7,3,-0.0130032625,"NA","NA","NA"
"2012-06-03",84,486,20,32,137,288,62,9,2,1.4360955123,"NA","NA","NA"
"2012-06-04",100,547,17,16,189,292,67,7,3,-0.2853410699,"NA","NA","NA"
"2012-06-05",97,567,24,26,173,337,57,10,2,1.7461009465,"NA","NA","NA"
"2012-06-06",95,547,23,28,173,321,54,8,3,1.1192154414,"NA","NA","NA"
"2012-06-07",98,550,22,20,159,321,70,8,2,0.6245125523,"NA","NA","NA"
"2012-06-08",84,461,20,24,164,237,60,6,3,0.028650652,"NA","NA","NA"
"2012-06-09",95,506,26,12,151,281,75,5,2,-0.4864455324,"NA","NA","NA"
"2012-06-10",81,470,21,50,142,270,58,7,3,1.7986157855,"NA","NA","NA"
"2012-06-11",91,510,23,24,167,284,59,7,2,0.5799702888,"NA","NA","NA"
"2012-06-12",90,519,23,31,170,291,59,11,3,2.2637970547,"NA","NA","NA"
"2012-06-13",87,474,27,13,151,254,69,8,3,0.6271124759,"NA","NA","NA"
"2012-06-14",85,484,16,15,145,284,55,8,3,-0.0830808582,"NA","NA","NA"
"2012-06-15",84,486,28,23,145,292,50,8,2,1.2269606639,"NA","NA","NA"
"2012-06-17",98,528,26,17,199,262,67,7,3,0.4343268246,"NA","NA","NA"
"2012-06-18",85,468,19,28,150,258,61,5,3,-0.1641349993,"NA","NA","NA"
"2012-06-19",84,466,21,26,180,227,60,10,2,1.5237358648,"NA","NA","NA"
"2012-06-20",111,597,10,9,207,317,73,6,3,-1.5011560281,"NA","NA","NA"
"2012-06-21",91,512,26,22,177,283,53,6,1,0.3682355167,"NA","NA","NA"
"2012-06-23",81,472,16,35,116,296,60,8,2,0.9683721299,"NA","NA","NA"
"2012-06-24",97,542,23,19,212,279,51,7,3,0.3171070417,"NA","NA","NA"
"2012-06-25",107,569,15,14,205,294,71,4,3,-1.5255934216,"NA","NA","NA"
"2012-06-26",91,539,26,29,184,302,54,13,3,3.0389259476,"NA","NA","NA"
"2012-06-27",84,497,14,27,139,313,46,8,3,0.3995475468,"NA","NA","NA"
"2012-06-28",84,477,24,25,163,265,50,7,2,0.7066646321,"NA","NA","NA"
"2012-06-29",85,520,40,31,160,318,43,12,2,3.8528204061,"NA","NA","NA"
"2012-06-30",68,420,17,50,138,238,45,12,3,3.146901785,"NA","NA","NA"
"2012-07-01",93,520,12,18,179,291,51,6,3,-0.8797587957,"NA","NA","NA"
"2012-07-02",88,522,34,56,151,306,66,11,1,4.3934519228,"NA","NA","NA"
"2012-07-03",104,575,22,23,184,322,70,6,3,0.1243213904,"NA","NA","NA"
"2012-07-04",88,525,32,34,157,317,51,11,2,3.0886102481,"NA","NA","NA"
"2012-07-05",88,524,25,41,175,292,57,13,3,3.5956760466,"NA","NA","NA"
"2012-07-06",97,542,28,6,148,334,60,4,3,-0.9825925961,"NA","NA","NA"
"2012-07-07",95,551,28,24,194,299,58,12,4,2.5953515334,"NA","NA","NA"
"2012-07-08",64,368,57,13,99,222,48,7,1,2.5218087381,"NA","NA","NA"
"2012-07-09",86,466,23,7,94,301,72,3,3,-1.6295829712,"NA","NA","NA"
"2012-07-11",89,505,19,30,142,290,74,11,4,1.9147376297,"NA","NA","NA"
"2012-07-12",76,461,61,98,150,255,56,8,1,7.6159252683,"NA","NA","NA"
"2012-07-13",95,525,30,17,172,292,61,5,4,0.0729044902,"NA","NA","NA"
"2012-07-14",96,523,21,10,171,285,67,6,3,-0.6332447457,"NA","NA","NA"
"2012-07-15",88,490,25,14,168,264,58,8,4,0.5314417375,"NA","NA","NA"
"2012-07-16",98,535,20,10,204,267,65,9,3,0.2794972254,"NA","NA","NA"
"2012-07-17",99,542,19,9,153,317,72,6,3,-0.834060783,"NA","NA","NA"
"2012-07-18",99,527,19,13,181,275,71,5,2,-0.9527247404,"NA","NA","NA"
"2012-07-19",86,490,16,24,168,264,59,10,3,1.0479820965,"NA","NA","NA"
"2012-07-20",109,604,19,13,219,324,62,7,2,-0.2948156303,"NA","NA","NA"
"2012-07-21",29,146,32,0,20,94,33,0,"NA",-2.3173599369,"NA","NA","NA"
"2012-07-22",93,556,22,35,174,324,58,13,3,3.0578750684,"NA","NA","NA"
"2012-07-23",96,513,23,10,175,271,68,4,4,-1.142910468,"NA","NA","NA"
"2012-07-24",97,546,17,17,166,320,61,7,2,-0.2327684205,"NA","NA","NA"
"2012-07-25",100,578,22,30,185,328,65,12,4,2.4660572664,"NA","NA","NA"
"2012-07-26",88,508,22,31,150,299,59,9,3,1.5317662507,"NA","NA","NA"
"2012-07-27",95,525,20,14,162,300,63,6,3,-0.497075842,"NA","NA","NA"
"2012-07-28",91,525,18,31,164,297,65,11,3,1.8931885852,"NA","NA","NA"
"2012-07-29",88,492,21,17,161,267,65,10,4,1.0505820202,"NA","NA","NA"
"2012-07-31",106,567,16,16,202,283,83,8,4,-0.0305082088,"NA","NA","NA"
"2012-08-01",45,310,76,191,114,157,40,4,1,12.3011888515,"NA","NA","NA"
"2012-08-02",101,535,14,13,208,258,69,6,3,-0.9943786549,"NA","NA","NA"
"2012-08-03",86,454,20,16,163,220,71,6,2,-0.3919305432,"NA","NA","NA"
"2012-08-04",96,557,25,14,174,332,52,10,3,1.1893508476,"NA","NA","NA"
"2012-08-05",107,587,13,15,188,326,73,7,3,-0.6344004949,"NA","NA","NA"
"2012-08-06",100,565,20,22,179,328,59,6,3,-0.0764946468,"NA","NA","NA"
"2012-08-07",85,490,27,21,166,269,55,11,2,2.0345573362,"NA","NA","NA"
"2012-08-08",94,531,17,20,161,318,53,5,3,-0.7329595823,"NA","NA","NA"
"2012-08-09",100,563,31,29,195,304,64,9,4,2.0937161971,"NA","NA","NA"
"2012-08-10",90,506,25,13,150,297,60,7,3,0.1499145331,"NA","NA","NA"
"2012-08-11",95,539,34,17,179,307,53,7,3,1.0273003759,"NA","NA","NA"
"2012-08-12",102,570,15,26,199,315,57,6,2,-0.2368125187,"NA","NA","NA"
"2012-08-13",98,544,25,19,195,283,67,9,3,1.1232595396,"NA","NA","NA"
"2012-08-14",89,493,45,17,151,286,56,4,3,0.8557753438,"NA","NA","NA"
"2012-08-15",91,514,30,7,163,302,49,5,3,-0.4528220038,"NA","NA","NA"
"2012-08-16",98,570,32,34,212,302,56,12,4,3.4175648031,"NA","NA","NA"
"2012-08-17",102,573,12,18,170,326,77,11,2,0.7650139794,"NA","NA","NA"
"2012-08-18",87,484,51,28,146,265,73,10,2,3.8525319808,"NA","NA","NA"
"2012-08-19",94,549,17,48,197,293,60,12,2,3.0417564862,"NA","NA","NA"
"2012-08-20",100,541,30,13,173,296,72,5,3,-0.1373861074,"NA","NA","NA"
"2012-08-21",94,532,31,19,146,317,69,9,3,1.567989703,"NA","NA","NA"
"2012-08-22",96,568,38,33,213,302,54,15,3,4.7965859822,"NA","NA","NA"
"2012-08-23",101,569,33,21,208,305,56,9,4,1.8213783897,"NA","NA","NA"
"2012-08-24",101,540,43,9,211,265,65,6,4,0.9448598708,"NA","NA","NA"
"2012-08-25",89,499,39,17,179,265,56,8,1,1.7268634004,"NA","NA","NA"
"2012-08-26",98,565,17,29,223,281,61,16,3,3.3586943675,"NA","NA","NA"
"2012-08-27",97,565,40,9,171,349,45,7,3,1.0514493441,"NA","NA","NA"
"2012-08-28",98,538,45,22,190,285,64,7,3,2.1055022559,"NA","NA","NA"
"2012-08-29",88,507,27,20,175,290,42,6,4,0.3372119118,"NA","NA","NA"
"2012-08-30",93,531,32,26,161,315,56,6,3,1.0232562777,"NA","NA","NA"
"2012-08-31",87,504,23,35,148,302,55,8,4,1.4872239873,"NA","NA","NA"
"2012-09-01",93,515,31,25,192,265,59,7,3,1.2255164894,"NA","NA","NA"
"2012-09-02",101,568,30,30,172,317,80,11,3,2.7300762626,"NA","NA","NA"
"2012-09-03",92,536,23,32,186,295,56,12,1,2.6453242591,"NA","NA","NA"
"2012-09-04",64,408,26,53,110,259,39,11,1,3.6427604233,"NA","NA","NA"
"2012-09-05",92,479,18,10,167,235,77,5,2,-1.1845643825,"NA","NA","NA"
"2012-09-06",95,529,28,20,186,285,58,7,3,0.7402881607,"NA","NA","NA"
"2012-09-07",73,393,29,6,118,216,59,6,2,-0.2505617921,"NA","NA","NA"
"2012-09-08",92,518,21,11,147,311,60,6,3,-0.5806720963,"NA","NA","NA"
"2012-09-09",92,500,32,27,171,259,70,7,3,1.4047834821,"NA","NA","NA"
"2012-09-10",94,517,20,17,155,298,64,5,4,-0.6683124488,"NA","NA","NA"
"2012-09-12",96,551,24,11,188,323,40,5,3,-0.6872615696,"NA","NA","NA"
"2012-09-13",100,531,15,7,176,283,72,4,3,-1.8936019674,"NA","NA","NA"
"2012-09-14",96,520,18,6,169,290,62,4,3,-1.7238095351,"NA","NA","NA"
"2012-09-15",92,504,28,14,153,283,69,7,2,0.4248522642,"NA","NA","NA"
"2012-09-16",91,497,50,9,177,267,54,5,2,1.1347571731,"NA","NA","NA"
"2012-09-17",103,546,15,9,179,291,76,5,3,-1.4595021136,"NA","NA","NA"
"2012-09-18",93,520,26,13,181,291,49,5,4,-0.433872883,"NA","NA","NA"
"2012-09-19",90,511,16,10,154,300,58,8,4,-0.3459441052,"NA","NA","NA"
"2012-09-20",70,448,135,17,93,327,29,8,1,8.8425460155,"NA","NA","NA"
"2012-09-21",123,695,17,25,227,402,67,7,4,0.1878127747,"NA","NA","NA"
"2012-09-22",104,555,16,27,173,300,82,4,4,-0.7680272854,"NA","NA","NA"
"2012-09-23",96,520,31,14,184,270,67,7,3,0.647217346,"NA","NA","NA"
"2012-09-24",96,526,42,14,180,287,59,4,4,0.4756923139,"NA","NA","NA"
"2012-09-25",93,515,20,17,157,291,67,8,3,0.3185512162,"NA","NA","NA"
"2012-09-26",96,557,25,44,209,281,67,15,3,4.4113031048,"NA","NA","NA"
"2012-09-27",105,582,23,24,191,320,71,7,3,0.5799702888,"NA","NA","NA"
"2012-09-28",92,526,29,33,180,288,59,10,3,2.4847179619,"NA","NA","NA"
"2012-09-29",88,480,24,10,164,253,64,7,3,-0.081925109,"NA","NA","NA"
"2012-09-30",88,483,21,8,144,268,72,9,2,0.2484736205,"NA","NA","NA"
"2012-10-01",76,435,31,18,135,258,42,4,3,-0.1293557215,"NA","NA","NA"
"2012-10-02",82,459,18,20,137,267,55,6,3,-0.3298833334,"NA","NA","NA"
"2012-10-03",100,534,19,12,183,282,70,5,2,-1.0052973898,"NA","NA","NA"
"2012-10-04",105,558,11,16,187,289,82,7,3,-0.7300712334,"NA","NA","NA"
"2012-10-05",97,571,31,39,179,331,62,12,3,3.6063063562,"NA","NA","NA"
"2012-10-06",99,527,15,19,195,253,80,8,2,0.0530880455,"NA","NA","NA"
"2012-10-07",95,540,23,23,178,312,50,6,3,0.1984430843,"NA","NA","NA"
"2012-10-08",108,594,32,26,213,299,82,12,4,2.9969836078,"NA","NA","NA"
"2012-10-09",96,531,40,28,184,277,70,9,2,2.7082387928,"NA","NA","NA"
"2012-10-10",99,562,30,22,183,320,59,8,2,1.3226314023,"NA","NA","NA"
"2012-10-11",93,521,33,19,162,299,60,6,3,0.7293694258,"NA","NA","NA"
"2012-10-12",80,501,24,88,145,298,58,12,1,5.6635143197,"NA","NA","NA"
"2012-10-13",95,563,24,35,141,361,62,10,3,2.2192547912,"NA","NA","NA"
"2012-10-14",95,541,21,29,175,306,60,8,3,1.023544703,"NA","NA","NA"
"2012-10-15",97,526,54,24,197,262,68,7,2,2.8777427999,"NA","NA","NA"
"2012-10-16",94,490,16,6,129,283,79,2,3,-2.529962033,"NA","NA","NA"
"2012-10-17",93,482,33,6,150,258,75,3,3,-0.9409386815,"NA","NA","NA"
"2012-10-18",61,325,41,26,121,143,61,8,2,2.3482606329,"NA","NA","NA"
"2012-10-19",112,613,17,7,176,359,79,6,2,-1.0874494696,"NA","NA","NA"
"2012-10-20",107,571,33,15,207,288,76,6,3,0.5190788282,"NA","NA","NA"
"2012-10-21",101,550,25,9,200,285,65,7,4,-0.0603760645,"NA","NA","NA"
"2012-10-22",114,626,18,10,218,338,71,8,3,-0.1977007174,"NA","NA","NA"
"2012-10-23",91,493,26,10,149,281,63,4,2,-0.9205453863,"NA","NA","NA"
"2012-10-24",90,518,33,16,160,310,48,7,1,0.9006060326,"NA","NA","NA"
"2012-10-25",98,527,32,13,174,280,74,7,3,0.6687663905,"NA","NA","NA"
"2012-10-26",93,504,21,8,146,289,70,5,3,-1.0673445996,"NA","NA","NA"
"2012-10-27",87,458,34,1,137,258,63,2,3,-1.4586347897,"NA","NA","NA"
"2012-10-28",98,517,16,15,164,266,88,7,3,-0.4120354132,"NA","NA","NA"
"2012-10-29",81,471,29,20,136,286,49,8,2,1.1433644096,"NA","NA","NA"
"2012-10-30",110,607,17,17,197,329,82,10,4,0.7540952445,"NA","NA","NA"
"2012-10-31",93,521,36,24,169,283,69,9,2,2.2014614196,"NA","NA","NA"
"2012-11-01",75,376,21,19,131,171,74,4,3,-0.8180000111,"NA","NA","NA"
"2012-11-02",99,541,29,16,169,298,75,7,3,0.604119257,"NA","NA","NA"
"2012-11-03",88,481,26,10,148,267,66,7,3,0.0663182788,"NA","NA","NA"
"2012-11-04",92,514,16,11,151,311,53,4,3,-1.6091896759,"NA","NA","NA"
"2012-11-05",83,457,21,17,146,256,55,4,4,-0.9231453099,"NA","NA","NA"
"2012-11-06",94,512,19,24,161,272,80,9,3,0.9413926232,"NA","NA","NA"
"2012-11-08",122,637,5,4,197,351,90,2,3,-3.4504459648,"NA","NA","NA"
"2012-11-09",90,476,32,25,168,237,71,5,3,0.6417290733,"NA","NA","NA"
"2012-11-10",98,535,13,10,165,299,72,6,"NA",-1.226218297,"NA","NA","NA"
"2012-11-11",65,350,15,8,91,209,51,3,3,-2.1699838731,"NA","NA","NA"
"2012-11-12",50,262,15,1,53,164,46,1,"NA",-3.1959015289,"NA","NA","NA"
"2012-11-13",100,565,11,21,181,324,61,8,4,-0.1382534313,"NA","NA","NA"
"2012-11-14",103,557,18,22,193,289,76,8,3,0.4331710754,"NA","NA","NA"
"2012-11-15",94,520,30,16,180,275,65,8,2,1.0071955059,"NA","NA","NA"
"2012-11-16",99,537,20,12,186,281,70,7,2,-0.2732665858,"NA","NA","NA"
"2012-11-17",86,489,34,20,154,279,57,8,2,1.5139728791,"NA","NA","NA"
"2012-11-18",96,511,12,22,196,240,76,8,2,-0.011559088,"NA","NA","NA"
"2012-11-19",106,583,24,14,181,327,76,8,3,0.4573200436,"NA","NA","NA"
"2012-11-20",74,392,26,39,132,194,66,4,3,0.6040614465,"NA","NA","NA"
"2012-11-21",113,599,15,14,200,314,85,6,3,-0.8676843116,"NA","NA","NA"
"2012-11-22",96,524,26,29,186,268,70,8,4,1.3941531725,"NA","NA","NA"
"2012-11-23",102,564,23,8,199,316,50,4,3,-1.2480557668,"NA","NA","NA"
"2012-11-24",82,428,24,5,108,247,73,3,2,-1.6606065761,"NA","NA","NA"
"2012-11-25",107,595,27,15,188,341,67,7,3,0.4033032197,"NA","NA","NA"
"2012-11-26",103,585,30,17,183,339,64,10,2,1.7176772653,"NA","NA","NA"
"2012-11-27",87,510,43,13,156,299,55,12,3,3.1288777985,"NA","NA","NA"
"2012-11-28",94,518,40,42,175,261,83,11,3,4.1021649946,"NA","NA","NA"
"2012-11-29",86,522,19,50,164,302,57,14,1,3.9530542828,"NA","NA","NA"
"2012-11-30",85,479,32,39,135,275,70,8,3,2.36460983,"NA","NA","NA"
"2012-12-01",95,534,28,15,167,302,65,10,4,1.4642885787,"NA","NA","NA"
"2012-12-02",107,581,37,20,217,292,73,8,3,1.7363379609,"NA","NA","NA"
"2012-12-03",90,525,36,18,149,328,48,6,3,0.8991618581,"NA","NA","NA"
"2012-12-04",109,603,19,33,214,315,74,9,4,1.4145464678,"NA","NA","NA"
"2012-12-05",106,584,25,27,208,306,70,8,4,1.2148861798,"NA","NA","NA"
"2012-12-06",94,578,30,45,196,343,40,13,4,4.1765751137,"NA","NA","NA"
"2012-12-07",85,507,31,60,160,297,51,9,2,3.7234683287,"NA","NA","NA"
"2012-12-08",105,593,22,23,206,324,64,9,3,1.1111850555,"NA","NA","NA"
"2012-12-10",103,539,30,10,192,270,77,4,2,-0.6240586106,"NA","NA","NA"
"2012-12-11",91,528,22,50,149,313,66,9,1,2.5306465895,"NA","NA","NA"
"2012-12-13",116,625,20,6,223,334,69,5,4,-1.2466115923,"NA","NA","NA"
"2012-12-14",102,590,33,25,198,331,62,13,2,3.3474872073,"NA","NA","NA"
"2012-12-15",95,533,26,22,180,283,70,11,4,2.0130082917,"NA","NA","NA"
"2012-12-16",97,549,33,28,189,291,70,12,3,3.1762506005,"NA","NA","NA"
"2012-12-17",81,464,42,31,139,267,58,9,2,3.0142001289,"NA","NA","NA"
"2012-12-18",79,471,31,61,143,273,56,9,3,3.7760409781,"NA","NA","NA"
"2012-12-19",102,561,23,18,196,296,70,8,3,0.5934889474,"NA","NA","NA"
"2012-12-20",98,548,25,15,172,310,66,9,3,0.912968942,"NA","NA","NA"
"2012-12-21",94,509,25,6,150,296,63,2,3,-1.8628667878,"NA","NA","NA"
"2012-12-22",77,450,19,36,149,246,55,11,2,2.2301735261,"NA","NA","NA"
"2012-12-23",101,583,18,24,186,336,62,11,3,1.5251800393,"NA","NA","NA"
"2012-12-24",83,463,21,31,145,251,68,9,4,1.4576445568,"NA","NA","NA"
"2012-12-25",87,515,28,52,153,299,63,11,2,3.7384311617,"NA","NA","NA"
"2012-12-26",96,553,41,26,196,304,54,11,2,3.335124298,"NA","NA","NA"
"2012-12-27",75,418,30,10,122,245,51,5,2,-0.2951040556,"NA","NA","NA"
"2012-12-28",89,545,21,78,158,317,70,15,2,5.902286409,"NA","NA","NA"
"2012-12-29",92,533,32,36,157,306,70,13,3,3.8516646569,"NA","NA","NA"
"2012-12-30",89,504,16,45,177,263,65,10,4,2.152007734,"NA","NA","NA"
"2012-12-31",90,505,19,31,170,273,63,8,3,0.980446614,"NA","NA","NA"
"2013-01-01",98,539,15,37,176,271,92,13,4,2.6441685099,"NA","NA","NA"
"2013-01-02",92,528,34,43,168,296,65,10,2,3.3810529255,"NA","NA","NA"
"2013-01-03",79,459,47,53,133,256,70,12,2,5.5282705504,"NA","NA","NA"
"2013-01-04",95,523,23,21,192,264,68,10,3,1.4091160056,"NA","NA","NA"
"2013-01-05",113,608,13,10,190,336,83,7,4,-0.897263742,"NA","NA","NA"
"2013-01-06",73,438,44,35,141,254,44,11,2,4.0306432243,"NA","NA","NA"
"2013-01-07",89,484,27,36,159,247,79,9,3,2.1652379673,"NA","NA","NA"
"2013-01-08",106,566,24,34,208,265,94,11,3,2.4956366968,"NA","NA","NA"
"2013-01-09",86,492,20,17,152,286,55,8,3,0.3185512162,"NA","NA","NA"
"2013-01-10",93,500,19,27,186,239,75,9,2,1.0991105714,"NA","NA","NA"
"2013-01-11",92,516,13,25,178,273,66,11,2,1.2071442192,"NA","NA","NA"
"2013-01-12",96,563,28,26,164,337,62,12,2,2.7004968322,"NA","NA","NA"
"2013-01-13",90,503,29,21,173,267,64,9,3,1.524891614,"NA","NA","NA"
"2013-01-14",89,505,15,19,173,271,61,11,2,1.0399517106,"NA","NA","NA"
"2013-01-15",90,527,37,29,190,288,49,11,2,3.1963554706,"NA","NA","NA"
"2013-01-16",96,559,22,26,162,334,63,11,2,1.9268121137,"NA","NA","NA"
"2013-01-17",98,602,21,58,217,331,55,18,4,5.837697086,"NA","NA","NA"
"2013-01-18",101,584,51,51,198,320,67,12,3,5.7196120272,"NA","NA","NA"
"2013-01-19",91,520,16,43,156,292,72,11,3,2.3758169902,"NA","NA","NA"
"2013-01-20",85,489,40,52,169,254,67,11,3,4.6278914886,"NA","NA","NA"
"2013-01-21",91,497,43,14,172,265,60,6,2,1.2077231178,"NA","NA","NA"
"2013-01-22",80,476,26,32,140,287,50,10,2,2.2097802308,"NA","NA","NA"
"2013-01-23",92,522,82,25,190,285,48,6,1,4.6767683236,"NA","NA","NA"
"2013-01-24",84,462,81,7,145,258,60,6,2,3.6563389404,"NA","NA","NA"
"2013-01-25",85,469,43,42,147,256,67,6,4,2.6797573012,"NA","NA","NA"
"2013-01-26",90,504,14,13,144,299,61,6,3,-0.9943786549,"NA","NA","NA"
"2013-01-27",112,607,20,17,198,331,79,7,3,-0.0104033388,"NA","NA","NA"
"2013-01-28",91,537,22,28,185,298,55,13,3,2.6898665226,"NA","NA","NA"
"2013-01-29",98,551,31,24,184,297,71,11,3,2.4887620601,"NA","NA","NA"
"2013-01-30",96,524,25,18,189,273,63,7,3,0.4127777801,"NA","NA","NA"
"2013-01-31",95,524,29,16,167,285,73,9,2,1.262028367,"NA","NA","NA"
"2013-02-01",87,508,36,45,168,285,56,9,2,3.3054870571,"NA","NA","NA"
"2013-02-02",87,496,20,27,141,297,58,6,2,0.1863686002,"NA","NA","NA"
"2013-02-03",87,498,29,30,142,300,56,6,3,1.0111817936,"NA","NA","NA"
"2013-02-04",86,465,42,10,165,240,60,6,3,0.9233108263,"NA","NA","NA"
"2013-02-05",84,474,37,28,135,277,63,7,3,1.8279646011,"NA","NA","NA"
"2013-02-06",106,584,15,24,181,325,79,8,3,0.3159512925,"NA","NA","NA"
"2013-02-07",91,523,24,41,161,299,64,9,1,2.2057361326,"NA","NA","NA"
"2013-02-08",84,487,27,78,151,270,66,7,1,3.7153801323,"NA","NA","NA"
"2013-02-09",88,482,40,17,162,261,59,6,2,1.1430759843,"NA","NA","NA"
"2013-02-10",104,587,14,16,185,341,62,7,3,-0.5077061516,"NA","NA","NA"
"2013-02-11",94,522,15,19,160,300,63,6,3,-0.6048210645,"NA","NA","NA"
"2013-02-12",110,601,16,11,202,333,66,5,4,-1.2802351209,"NA","NA","NA"
"2013-02-13",84,466,32,1,147,280,40,2,3,-1.6068781775,"NA","NA","NA"
"2013-02-14",108,591,23,22,178,332,81,7,3,0.47482499,"NA","NA","NA"
"2013-02-15",92,521,28,40,175,291,55,5,3,1.1338320388,"NA","NA","NA"
"2013-02-16",105,581,11,15,181,328,72,8,4,-0.4536893277,"NA","NA","NA"
"2013-02-17",93,526,27,19,158,308,61,7,3,0.6135938174,"NA","NA","NA"
"2013-02-18",85,486,43,10,173,271,43,7,4,1.3263870752,"NA","NA","NA"
"2013-02-19",104,558,33,11,183,290,86,9,3,1.2956518956,"NA","NA","NA"
"2013-02-20",83,472,43,19,136,287,49,4,3,0.8126772548,"NA","NA","NA"
"2013-02-21",97,534,25,24,166,297,72,6,3,0.3992591216,"NA","NA","NA"
"2013-02-22",89,502,19,17,144,304,54,5,3,-0.7424341427,"NA","NA","NA"
"2013-02-23",89,495,21,31,157,277,61,5,3,0.1418263368,"NA","NA","NA"
"2013-02-24",100,560,13,14,199,305,56,8,3,-0.3580185893,"NA","NA","NA"
"2013-02-25",97,538,20,16,173,292,74,10,3,0.9238876769,"NA","NA","NA"
"2013-02-26",89,496,30,21,154,293,49,2,2,-0.7036685772,"NA","NA","NA"
"2013-02-27",81,438,33,4,134,250,55,3,2,-1.0460839804,"NA","NA","NA"
"2013-02-28",82,464,35,34,153,263,49,5,2,1.3372479997,"NA","NA","NA"
"2013-03-01",78,444,35,27,139,259,47,4,2,0.6402848988,"NA","NA","NA"
"2013-03-02",102,552,20,13,189,296,68,6,3,-0.5496484914,"NA","NA","NA"
"2013-03-03",97,530,26,7,176,299,55,4,2,-1.0782633345,"NA","NA","NA"
"2013-03-04",93,522,28,5,167,314,42,2,3,-1.6930743555,"NA","NA","NA"
"2013-03-05",107,586,9,5,194,334,59,3,3,-2.7724319847,"NA","NA","NA"
"2013-03-06",99,561,5,24,217,305,39,5,2,-1.4121293116,"NA","NA","NA"
"2013-03-07",109,628,49,44,216,350,63,10,1,4.5454509835,"NA","NA","NA"
"2013-03-08",108,583,6,6,202,311,71,6,3,-1.955360752,"NA","NA","NA"
"2013-03-09",103,578,24,20,190,328,60,6,3,0.11484683,"NA","NA","NA"
"2013-03-10",91,514,44,21,178,289,48,6,2,1.6498533576,"NA","NA","NA"
"2013-03-11",110,615,32,11,195,361,60,4,3,-0.4232425734,"NA","NA","NA"
"2013-03-12",93,545,15,11,174,336,36,6,3,-1.0254022598,"NA","NA","NA"
"2013-03-13",102,590,2,9,191,356,44,6,3,-2.0941295794,"NA","NA","NA"
"2013-03-14",94,543,21,28,199,293,52,10,3,1.6288811636,"NA","NA","NA"
"2013-03-15",99,544,21,10,172,310,62,5,2,-0.9621993008,"NA","NA","NA"
"2013-03-16",92,509,21,8,177,282,50,4,3,-1.3962991546,"NA","NA","NA"
"2013-03-17",109,601,1,9,205,339,57,4,4,-2.8261603833,"NA","NA","NA"
"2013-03-18",100,526,40,11,196,263,67,4,4,0.1697309778,"NA","NA","NA"
"2013-03-19",91,513,3,14,186,283,44,5,2,-2.0860991935,"NA","NA","NA"
"2013-03-20",102,568,2,8,195,325,49,3,3,-3.1335658938,"NA","NA","NA"
"2013-03-21",89,495,2,13,147,290,58,5,3,-2.2127935368,"NA","NA","NA"
"2013-03-22",98,534,3,4,172,305,58,4,4,-2.9407802425,"NA","NA","NA"
"2013-03-23",77,425,1,2,135,252,39,1,4,-4.1810325942,"NA","NA","NA"
"2013-03-24",85,503,15,21,162,304,37,7,2,-0.1707212107,"NA","NA","NA"
"2013-03-25",93,507,5,4,175,281,52,3,4,-3.1214914097,"NA","NA","NA"
"2013-03-26",94,523,1,13,164,301,58,5,4,-2.2869152307,"NA","NA","NA"
"2013-03-27",86,492,3,10,141,308,44,4,4,-2.6253443461,"NA","NA","NA"
"2013-03-28",101,551,1,2,212,293,47,4,3,-3.1941689292,"NA","NA","NA"
"2013-03-29",100,537,2,3,195,286,56,2,3,-3.7253836959,"NA","NA","NA"
"2013-03-30",103,554,1,11,183,304,67,4,3,-2.7210150845,"NA","NA","NA"
"2013-03-31",42,232,3,2,63,145,25,1,1,-4.0327892064,"NA","NA","NA"
"2013-04-01",0,0,0,0,0,0,0,0,0,-4.6892541419,"NA","NA","NA"
"2013-04-01",102,537,2,3,152,309,76,2,3,-3.7253836959,"NA","NA","NA"
"2013-04-02",83,458,17,10,143,264,52,4,3,-1.5876406314,"NA","NA","NA"
"2013-04-03",106,561,20,9,189,299,73,2,2,-2.0757573091,"NA","NA","NA"
"2013-04-04",78,427,22,9,113,254,60,4,3,-1.2696048113,"NA","NA","NA"
"2013-04-05",95,522,23,36,150,299,74,5,3,0.5529329716,"NA","NA","NA"
"2013-04-06",96,510,23,10,189,257,65,4,4,-1.142910468,"NA","NA","NA"
"2013-04-07",100,530,34,15,202,252,76,7,4,0.9221550771,"NA","NA","NA"
"2013-04-08",99,520,23,16,179,264,78,5,3,-0.4985200165,"NA","NA","NA"
"2013-04-09",63,390,56,161,171,166,54,7,1,10.2284391563,"NA","NA","NA"
"2013-04-10",100,561,10,8,168,338,55,5,4,-1.8826832325,"NA","NA","NA"
"2013-04-11",102,559,33,10,188,308,63,6,4,0.2562155811,"NA","NA","NA"
"2013-04-12",104,587,22,20,191,331,66,9,4,0.9534671073,"NA","NA","NA"
"2013-04-13",93,513,21,74,178,267,68,3,3,1.7445411512,"NA","NA","NA"
"2013-04-14",100,568,24,24,192,326,51,6,3,0.3251374277,"NA","NA","NA"
"2013-04-15",97,555,34,19,194,310,51,8,3,1.4614002297,"NA","NA","NA"
"2013-04-16",106,573,22,17,206,291,76,8,2,0.466794604,"NA","NA","NA"
"2013-04-17",84,452,100,14,176,214,63,8,1,6.0905687805,"NA","NA","NA"
"2013-04-18",100,569,39,54,205,294,70,11,2,4.6589150935,"NA","NA","NA"
"2013-04-19",111,621,29,16,208,353,60,6,2,0.2751647019,"NA","NA","NA"
"2013-04-20",68,383,28,37,114,223,46,2,3,-0.0107495745,"NA","NA","NA"
"2013-04-21",79,447,20,21,114,276,58,6,3,-0.1290672962,"NA","NA","NA"
"2013-04-22",83,459,28,11,157,255,47,4,3,-0.719729349,"NA","NA","NA"
"2013-04-23",93,529,17,43,169,297,64,7,2,1.134120464,"NA","NA","NA"
"2013-04-24",105,594,27,30,190,330,74,11,4,2.5077111809,"NA","NA","NA"
"2013-04-25",89,485,67,13,173,255,57,6,3,2.9340711222,"NA","NA","NA"
"2013-04-26",93,504,31,23,174,263,67,6,2,0.7914166356,"NA","NA","NA"
"2013-04-27",100,556,25,21,184,308,65,7,4,0.5704957284,"NA","NA","NA"
"2013-04-28",76,445,39,57,155,238,52,8,3,3.8297693767,"NA","NA","NA"
"2013-04-29",93,547,17,16,180,329,38,8,3,0.0436134851,"NA","NA","NA"
"2013-04-30",77,413,27,5,121,231,62,4,4,-1.1092869394,"NA","NA","NA"
"2013-05-01",91,506,23,10,176,279,51,6,4,-0.4850013579,"NA","NA","NA"
"2013-05-02",79,425,42,55,180,175,71,9,1,4.2759437146,"NA","NA","NA"
"2013-05-03",94,499,6,21,198,238,63,5,2,-1.4957255659,"NA","NA","NA"
"2013-05-04",79,394,35,1,136,189,70,2,3,-1.3845130958,"NA","NA","NA"
"2013-05-05",69,381,28,35,102,222,58,4,2,0.5420142367,"NA","NA","NA"
"2013-05-06",73,424,30,20,145,249,30,3,3,-0.4272866716,"NA","NA","NA"
"2013-05-07",102,557,18,6,166,326,65,3,4,-2.0527640901,"NA","NA","NA"
"2013-05-08",101,526,23,4,187,269,70,3,2,-1.7873009194,"NA","NA","NA"
"2013-05-09",78,439,15,19,137,247,56,7,3,-0.2758665095,"NA","NA","NA"
"2013-05-10",97,537,20,15,173,302,62,6,4,-0.4445031926,"NA","NA","NA"
"2013-05-11",89,509,28,51,194,266,50,7,2,2.3700402923,"NA","NA","NA"
"2013-05-12",108,588,21,22,219,291,78,10,4,1.3134452672,"NA","NA","NA"
"2013-05-13",86,496,26,24,172,276,48,8,2,1.1312899255,"NA","NA","NA"
"2013-05-14",96,535,18,20,183,286,67,9,3,0.6569803316,"NA","NA","NA"
"2013-05-15",90,488,36,25,158,267,64,3,3,0.2803067389,10,0,"NA"
"2013-05-16",107,572,19,10,204,292,77,7,2,-0.4525335785,10,0,"NA"
"2013-05-17",92,514,32,8,144,311,60,6,3,0.0769485884,10,0,"NA"
"2013-05-18",78,435,30,19,134,248,53,5,2,0.178049789,10,0,"NA"
"2013-05-19",104,566,13,25,223,267,76,12,3,1.5360987742,10,0,"NA"
"2013-05-20",87,490,20,24,179,260,52,8,3,0.6865597621,0,0,"NA"
"2013-05-21",98,532,13,16,175,281,76,9,3,0.0760812645,10,0,"NA"
"2013-05-22",81,446,36,43,159,224,64,6,2,2.2134780932,0,0,"NA"
"2013-05-23",94,482,21,7,170,233,79,5,3,-1.119917249,10,1,"NA"
"2013-05-24",86,499,39,31,170,278,52,10,2,3.1207896022,0,1,"NA"
"2013-05-25",91,512,29,47,167,291,54,3,2,0.9180531685,0,1,"NA"
"2013-05-26",106,562,21,18,161,304,98,8,3,0.4452455595,10,1,"NA"
"2013-05-27",101,550,51,16,195,292,63,6,4,1.9058419679,0,0,"NA"
"2013-05-28",60,353,14,20,85,226,43,6,2,-0.626370109,10,1,"NA"
"2013-05-29",53,279,33,5,83,142,54,6,0,-0.0066476659,0,1,"NA"
"2013-05-30",92,510,18,32,185,259,66,9,3,1.2878521245,0,1,"NA"
"2013-05-31",106,559,14,8,175,304,80,4,2,-1.9151510119,10,1,"NA"
"2013-06-01",110,599,31,28,224,305,71,7,2,1.3832344376,0,1,"NA"
"2013-06-02",4,112,44,276,16,59,38,3,1,14.069015291,10,1,"NA"
"2013-06-03",106,574,12,25,186,303,86,9,3,0.4751134152,0,1,"NA"
"2013-06-04",100,516,39,11,183,254,79,4,3,0.0956092839,0,0,"NA"
"2013-06-05",109,573,23,21,204,277,93,8,4,0.7512068956,10,1,"NA"
"2013-06-06",108,568,22,18,172,301,95,6,4,-0.1385418566,0,0,"NA"
"2013-06-07",103,564,22,30,173,312,80,7,3,0.8212844913,10,0,"NA"
"2013-06-08",89,502,22,19,167,286,49,5,2,-0.4149237622,0,0,"NA"
"2013-06-09",84,497,40,33,139,300,59,11,3,3.6290111499,0,0,"NA"
"2013-06-10",96,532,42,31,152,313,68,3,2,1.0404727988,0,1,"NA"
"2013-06-11",101,554,39,11,187,298,70,8,3,1.411427504,0,1,"NA"
"2013-06-12",78,431,35,16,136,238,57,7,3,1.0488494204,0,0,"NA"
"2013-06-13",99,543,38,17,183,294,67,6,2,0.9948325965,0,0,"NA"
"2013-06-14",96,546,71,30,176,308,63,9,1,5.1111566027,0,0,"NA"
"2013-06-15",97,544,18,37,185,290,70,9,2,1.5507153715,0,0,"NA"
"2013-06-16",106,573,48,15,192,302,79,7,3,1.9598587918,10,0,"NA"
"2013-06-17",89,499,61,33,145,290,64,6,3,3.5407939468,10,1,"NA"
"2013-06-18",93,539,51,42,146,323,70,10,1,4.5885490725,0,0,"NA"
"2013-06-19",85,460,31,6,143,257,61,5,0,-0.4312729593,0,1,"NA"
"2013-06-20",83,479,14,33,128,283,68,11,3,1.7018471083,0,0,"NA"
"2013-06-21",98,564,24,41,168,324,73,12,3,3.1925997977,10,1,"NA"
"2013-06-22",87,503,34,95,142,283,78,7,2,5.1279670296,0,0,"NA"
"2013-06-23",90,510,28,22,176,273,62,11,3,2.1612516796,10,1,"NA"
"2013-06-24",91,511,27,17,163,296,52,5,2,-0.1494605915,0,0,"NA"
"2013-06-25",86,496,24,24,143,302,51,6,3,0.3251374277,10,0,"NA"
"2013-06-26",88,515,19,44,164,295,56,9,3,1.9928456113,0,0,"NA"
"2013-06-27",93,531,28,46,171,296,65,8,3,2.4361316002,10,1,"NA"
"2013-06-28",91,519,29,32,151,298,70,10,2,2.4321453125,0,1,"NA"
"2013-06-29",104,573,7,9,167,339,68,5,3,-2.0524756649,0,0,"NA"
"2013-06-30",89,494,27,18,145,283,66,7,3,0.561021168,0,0,"NA"
"2013-07-01",95,544,22,34,193,290,62,11,2,2.347393309,0,0,"NA"
"2013-07-02",96,530,18,28,187,277,67,8,2,0.7486069719,0,1,"NA"
"2013-07-03",88,512,17,43,145,306,61,8,3,1.4630750191,0,0,"NA"
"2013-07-04",99,567,19,23,191,313,64,11,2,1.5467290838,0,1,"NA"
"2013-07-05",91,508,37,19,144,296,68,8,3,1.6837653114,10,1,"NA"
"2013-07-06",88,492,17,34,151,272,69,8,2,0.9899211744,10,1,"NA"
"2013-07-07",92,505,17,7,181,266,59,7,3,-0.7584949146,10,0,"NA"
"2013-07-08",89,513,8,9,152,317,45,5,3,-1.978353971,0,1,"NA"
"2013-07-09",79,434,12,3,118,265,52,2,3,-2.9841667568,10,1,"NA"
"2013-07-10",62,350,1,15,155,166,30,6,0,-1.8528153768,0,"NA","NA"
"2013-07-11",92,531,20,29,167,306,58,9,2,1.2783775641,0,"NA","NA"
"2013-07-12",89,512,18,38,158,299,55,6,3,0.6164243559,0,"NA","NA"
"2013-07-13",87,516,22,41,147,315,54,9,2,2.0574927448,0,"NA","NA"
"2013-07-14",96,539,22,22,161,315,63,7,2,0.400703296,0,"NA","NA"
"2013-07-15",91,505,18,31,183,262,61,8,2,0.9063249201,0,"NA","NA"
"2013-07-16",100,556,28,18,186,304,66,9,2,1.2930519719,0,"NA","NA"
"2013-07-17",101,566,18,22,191,307,68,10,2,1.0910801855,0,"NA","NA"
"2013-07-18",89,486,35,9,156,276,55,3,3,-0.6349773455,0,"NA","NA"
"2013-07-19",85,474,10,20,139,277,58,4,3,-1.5807659947,0,"NA","NA"
"2013-07-20",95,533,30,23,175,291,67,9,3,1.7041586067,0,"NA","NA"
"2013-07-21",96,539,20,15,154,320,65,6,2,-0.4445031926,0,"NA","NA"
"2013-07-22",88,504,26,27,149,294,62,9,3,1.6179624287,0,"NA","NA"
"2013-07-23",92,529,21,23,172,303,55,9,2,1.0370633616,0,"NA","NA"
"2013-07-24",105,583,16,12,203,318,62,8,3,-0.2407988064,0,"NA","NA"
"2013-07-25",95,533,23,17,186,289,59,8,3,0.5409162979,0,"NA","NA"
"2013-07-26",78,447,13,19,129,265,53,7,2,-0.4241098973,0,"NA","NA"
"2013-08-04",75,450,16,18,99,307,44,6,2,-0.58327202,0,"NA","NA"
"2013-08-05",87,491,24,12,130,302,59,6,3,-0.3057343652,0,"NA","NA"
"2013-08-06",97,535,16,23,205,269,62,9,4,0.6664548921,0,"NA","NA"
"2013-08-07",91,510,8,23,161,288,62,7,3,-0.5844277692,0,"NA","NA"
"2013-08-08",97,530,18,19,177,287,66,6,3,-0.3824559828,0,"NA","NA"
"2013-08-09",106,575,20,8,182,324,70,5,3,-1.1414662935,0,"NA","NA"
"2013-08-10",90,479,20,16,141,268,70,3,2,-1.3787942083,0,"NA","NA"
"2013-08-11",101,566,21,12,172,332,62,6,3,-0.5280994469,0,"NA","NA"
"2013-08-12",89,466,7,9,126,256,85,6,3,-1.7235211098,0,"NA","NA"
"2013-08-13",96,536,11,20,172,298,66,9,3,0.1381284743,0,"NA","NA"
"2013-08-14",90,474,16,11,176,228,70,6,3,-0.9512805659,0,"NA","NA"
"2013-08-15",97,526,17,20,201,255,71,10,4,0.9118131928,0,"NA","NA"
"2013-08-16",94,536,22,37,163,301,73,11,2,2.5051112572,0,"NA","NA"
"2013-08-17",93,543,24,35,149,324,71,12,3,2.8771639012,0,"NA","NA"
"2013-08-18",94,522,28,24,171,286,66,7,3,0.9505787583,0,"NA","NA"
"2013-08-19",87,503,18,41,129,300,74,10,2,2.0899605242,0,"NA","NA"
"2013-08-20",86,499,19,34,158,271,70,14,3,3.1118918923,0,"NA","NA"
"2013-08-22",17,97,1,3,55,41,2,2,0,-3.7995053898,0,"NA","NA"
"2013-08-22",75,425,30,54,125,243,58,5,1,2.0180925183,0,"NA","NA"
"2013-08-23",77,389,12,12,118,193,79,5,3,-1.5241492471,0,"NA","NA"
"2013-08-24",92,495,16,13,174,255,66,6,2,-0.8461352671,0,"NA","NA"
"2013-08-25",110,563,6,10,187,280,96,4,3,-2.4029792644,0,"NA","NA"
"2013-08-26",97,508,26,5,176,262,70,4,3,-1.1834086333,0,"NA","NA"
"2013-08-27",110,589,5,7,195,317,77,6,3,-1.9769097965,0,"NA",0
"2013-08-28",87,490,17,42,161,266,63,8,2,1.4105023697,0,"NA",0
"2013-08-29",109,612,16,15,187,357,69,8,2,-0.0830808582,0,"NA",0
"2013-08-30",68,410,37,29,121,249,41,9,3,2.5384463605,0,"NA",0
"2013-08-31",119,640,14,9,220,345,76,5,3,-1.5336238075,0,"NA",0
"2013-09-01",84,465,33,5,152,261,52,6,3,-0.0066476659,0,"NA",0
"2013-09-02",100,563,12,14,184,319,60,8,3,-0.4321402832,0,"NA",0
"2013-09-03",97,539,11,8,184,305,51,5,3,-1.8085615386,0,"NA",136
"2013-09-04",102,569,16,21,219,289,62,10,2,0.8902641483,0,"NA",136
"2013-09-05",102,572,15,16,163,347,62,5,2,-1.0914935678,0,"NA",136
"2013-09-06",103,584,5,19,193,319,72,13,3,0.9566438815,0,"NA",136
"2013-09-07",98,535,17,10,161,311,63,3,4,-1.9165951864,0,"NA",136
"2013-09-08",36,175,25,1,33,96,47,1,0,-2.4546845899,0,"NA",136
"2013-09-09",96,526,26,11,187,293,46,2,3,-1.5258818469,0,"NA",136
"2013-09-10",96,536,12,28,195,279,63,9,3,0.6328313635,0,"NA",0
"2013-09-11",89,491,15,17,184,247,60,9,3,0.2768973017,0,"NA",0
"2013-09-12",97,535,6,14,165,305,65,5,2,-1.8637341117,0,"NA",0
"2013-09-13",97,523,13,8,159,296,68,4,3,-1.9892727058,0,"NA",0
"2013-09-14",100,540,20,9,189,289,63,4,4,-1.4178481991,0,"NA",0
"2013-09-15",98,547,20,18,149,327,71,6,2,-0.2867852444,0,"NA",0
"2013-09-16",94,521,9,17,182,281,59,6,3,-1.1546965268,0,"NA",136
"2013-09-17",101,550,16,22,179,297,75,6,3,-0.3729814224,0,"NA",136
"2013-09-18",102,547,3,16,189,291,68,3,3,-2.6388630047,20,"NA",136
"2013-09-19",94,509,10,17,188,258,64,7,3,-0.7516202779,20,"NA",136
"2013-09-20",89,476,19,18,157,258,62,2,3,-1.6767251584,20,"NA",136
"2013-09-21",104,555,4,8,187,298,71,3,4,-2.985322506,30,"NA",136
"2013-09-22",100,537,20,14,160,303,75,4,2,-1.1549849521,30,"NA",0
"2013-09-23",88,490,13,27,150,278,62,6,3,-0.3324832571,30,"NA",0
"2013-09-24",106,579,11,22,210,297,73,8,3,-0.0856807819,0,"NA",0
"2013-09-25",104,589,14,18,195,335,59,7,2,-0.4025608528,0,"NA",0
"2013-09-26",93,511,20,5,174,290,47,3,3,-1.9570933517,0,"NA",0
"2013-09-27",99,540,17,25,195,281,65,6,2,-0.1411417803,0,"NA",0
"2013-09-28",113,593,2,10,235,285,73,4,3,-2.69946604,0,"NA",0
"2013-09-29",91,508,19,23,197,257,55,9,4,0.8888199738,0,"NA",136
"2013-09-30",96,541,9,13,167,311,64,9,4,-0.3781234593,20,"NA",136
"2013-10-01",93,514,22,13,172,285,57,5,3,-0.7303596586,20,"NA",136
"2013-10-02",68,360,27,13,121,191,49,1,3,-1.6755694092,20,"NA",136
"2013-10-03",61,354,53,38,98,207,49,6,1,3.2106836426,10,"NA",136
"2013-10-04",94,490,2,6,146,267,77,2,3,-3.5676657477,10,"NA",136
"2013-10-05",95,504,7,4,143,289,72,2,4,-3.3022025769,10,"NA",136
"2013-10-06",97,519,2,13,177,275,68,4,3,-2.5417480918,0,"NA",0
"2013-10-08",12,75,1,6,48,27,1,3,0,-3.3128328866,0,"NA",0
"2013-10-08",122,664,3,5,177,411,76,1,3,-3.8750712582,0,"NA",0
"2013-10-09",104,557,12,4,175,314,68,2,4,-2.9315941074,30,"NA",0
"2013-10-10",103,574,31,37,200,305,70,9,3,2.5142973923,30,"NA",0
"2013-10-11",100,547,21,16,175,308,65,4,3,-0.9757179593,30,"NA",0
"2013-10-12",96,551,24,33,178,315,59,9,4,1.7851549374,0,"NA",0
"2013-10-13",92,503,31,14,162,279,63,6,2,0.3182627909,0,"NA",136
"2013-10-14",111,596,21,11,216,316,64,3,2,-1.5675357614,0,"NA",136
"2013-10-15",88,490,35,24,150,272,68,9,3,2.1273397257,10,"NA",136
"2013-10-16",90,517,34,32,182,273,63,13,1,3.7896174471,10,"NA",136
"2013-10-17",86,479,30,31,159,258,63,7,2,1.466830692,10,"NA",136
"2013-10-18",85,479,4,32,134,290,55,4,4,-1.3946243653,0,"NA",136
"2013-10-19",107,554,16,7,181,293,81,2,4,-2.4773893836,0,"NA",136
"2013-10-20",96,529,27,7,172,302,56,4,3,-1.0041416406,0,"NA","NA"
"2013-10-21",104,582,18,12,174,347,62,6,3,-0.7504645287,0,"NA",136
"2013-10-22",97,529,20,9,175,290,65,6,3,-0.7599390891,30,"NA",136
"2013-10-23",90,508,25,54,184,262,62,7,2,2.3053931588,30,"NA",136
"2013-10-24",92,510,16,27,165,272,74,9,3,0.8767454897,30,"NA",136
"2013-10-25",65,362,11,16,64,241,58,4,0,-1.7169348984,0,"NA",136
"2013-10-26",98,545,25,13,135,345,65,3,3,-1.165903687,0,"NA",136
"2013-10-27",94,524,15,29,172,288,64,6,4,-0.0790945705,0,"NA",136
"2013-10-28",93,525,5,20,171,299,56,7,3,-0.9645107992,10,"NA",0
"2013-10-29",68,383,35,68,122,194,67,7,2,3.7826271895,10,"NA",0
"2013-10-30",109,586,12,21,195,315,77,5,4,-1.0509954025,10,"NA",0
"2013-10-31",88,493,22,22,177,259,57,9,2,1.0586124061,0,"NA",0
"2013-11-01",99,550,2,25,205,283,63,8,3,-0.5950580788,0,"NA",0
"2013-11-03",81,424,16,65,129,209,87,3,0,0.900778837,0,"NA","NA"
"2013-11-04",88,479,18,28,155,258,67,6,3,0.0906978618,30,"NA","NA"
"2013-11-05",84,472,15,19,160,261,52,7,3,-0.2758665095,30,"NA",136
"2013-11-06",95,508,16,17,153,280,75,4,3,-1.2937537795,30,"NA",136
"2013-11-07",80,460,22,60,172,238,50,7,2,2.3984639735,0,"NA",136
"2013-11-08",105,548,10,8,182,293,74,2,4,-2.8695468976,0,"NA",136
"2013-11-09",84,488,40,18,129,306,54,7,2,1.5246031887,0,"NA",136
"2013-11-10",102,541,12,20,202,265,75,5,3,-1.1035680519,0,"NA",136
"2013-11-11",85,487,44,34,156,286,46,5,3,2.0043432448,0,"NA",136
"2013-11-12",105,579,5,13,162,345,72,5,2,-1.990428455,0,"NA",0
"2013-11-13",94,533,16,29,180,297,56,7,3,0.3239816785,0,"NA",0
"2013-11-14",92,504,12,27,146,281,78,7,3,-0.077650396,20,"NA",0
"2013-11-15",105,552,17,4,192,284,77,4,3,-1.9030765278,20,"NA",0
"2013-11-16",94,544,17,33,149,330,65,8,3,0.937348525,20,"NA",0
"2013-11-17",101,554,39,20,162,317,76,6,3,1.2266722386,0,"NA",0
"2013-11-18",82,466,18,38,136,268,62,7,3,0.9453789109,0,"NA",136
"2013-11-19",109,604,2,25,215,325,65,7,4,-0.9240126339,0,"NA",136
"2013-11-20",94,508,12,13,178,273,58,4,3,-1.8005311527,30,"NA",136
"2013-11-21",88,495,24,29,171,253,71,12,4,2.5617280048,30,"NA",136
"2013-11-22",104,569,10,28,209,295,65,6,3,-0.5022756894,30,"NA",136
"2013-11-23",97,548,2,46,165,321,63,4,3,-0.8068506614,0,"NA",136
"2013-11-24",85,488,33,18,140,297,52,7,3,1.0057513314,0,"NA",136
"2013-11-25",109,577,10,16,180,314,83,4,4,-1.7910565923,0,"NA",0
"2013-11-26",105,582,23,34,205,301,77,11,3,2.4215150029,20,"NA",0
"2013-11-27",88,477,30,20,130,273,75,6,3,0.5595769935,20,"NA",0
"2013-11-28",99,537,20,6,174,303,61,4,3,-1.5755661473,20,"NA",0
"2013-11-29",87,500,2,31,177,270,53,9,2,0.0493323726,0,"NA",0
"2013-11-30",94,523,37,20,180,283,60,7,3,1.4073834058,0,"NA","NA"
"2013-12-01",86,481,15,24,151,265,66,9,3,0.6449058476,0,"NA","NA"
"2013-12-02",94,538,13,46,169,310,60,7,3,0.9953516366,30,"NA",136
"2013-12-03",97,543,15,36,166,299,78,10,2,1.6047321954,30,"NA",136
"2013-12-04",86,456,11,47,167,218,72,4,2,-0.0871827668,30,"NA",136
"2013-12-05",102,528,11,4,187,268,74,2,3,-3.0057158013,0,"NA",136
"2013-12-06",83,466,10,27,122,279,65,6,3,-0.5548483388,0,"NA",136
"2013-12-07",101,558,3,12,178,322,59,4,4,-2.5201990473,0,"NA",136
"2013-12-08",107,564,13,1,180,312,73,1,3,-3.3441449167,10,"NA",136
"2013-12-09",93,515,3,11,165,295,55,5,4,-2.2438171417,10,"NA",0
"2013-12-10",105,586,31,24,223,305,58,7,2,1.17294384,10,"NA",0
"2013-12-11",91,512,21,21,138,304,70,8,3,0.6029635078,0,"NA",0
"2013-12-12",102,589,1,34,197,332,60,9,3,0.1329286269,0,"NA",0
"2013-12-13",96,537,15,14,154,323,60,5,3,-1.1966388666,0,"NA",0
"2013-12-14",91,490,26,29,167,240,83,10,3,2.0520622826,0,"NA",0
"2013-12-15",88,501,22,21,135,307,60,7,3,0.3481306466,0,"NA",0
"2013-12-16",111,620,1,17,179,368,73,7,2,-1.418715523,0,"NA",0
"2013-12-17",80,499,11,50,150,312,37,10,3,2.0442625115,30,"NA",0
"2013-12-18",98,530,3,7,168,292,70,5,2,-2.4541077393,30,"NA",136
"2013-12-19",100,540,6,7,181,292,67,5,3,-2.2317426576,30,"NA",136
"2013-12-20",94,524,15,18,168,299,58,6,3,-0.6573937139,0,"NA","NA"
"2013-12-21",85,471,1,7,128,284,59,4,3,-2.9313056821,0,"NA","NA"
"2013-12-22",84,465,31,21,119,283,64,5,3,0.3573167818,0,"NA","NA"
"2013-12-23",109,581,3,6,164,341,77,2,3,-3.4935440538,0,"NA","NA"
"2013-12-24",85,457,1,10,129,263,66,4,3,-2.7735877339,0,"NA","NA"
"2013-12-25",104,567,2,7,152,343,72,4,3,-2.8571839882,0,"NA","NA"
"2013-12-26",100,560,1,11,175,332,54,5,3,-2.3920605295,0,"NA","NA"
"2013-12-27",103,552,1,2,156,326,71,2,4,-3.8520780392,20,"NA","NA"
"2013-12-28",89,496,19,27,186,255,56,7,4,0.4412014614,20,"NA","NA"
"2013-12-29",90,498,15,9,137,302,60,4,3,-1.7884566686,20,"NA","NA"
"2013-12-30",83,474,19,25,128,284,62,8,3,0.6650107176,0,"NA","NA"
"2013-12-31",99,523,18,13,166,281,76,3,3,-1.6847555443,0,"NA","NA"
"2014-01-01",63,337,16,9,110,187,41,1,0,-2.7011986398,10,"NA","NA"
"2014-01-02",93,512,8,28,192,261,60,6,4,-0.6505190772,10,"NA","NA"
"2014-01-03",97,540,1,13,177,307,57,5,3,-2.2869152307,10,"NA","NA"
"2014-01-04",87,477,17,15,142,276,59,4,2,-1.3247773844,0,"NA","NA"
"2014-01-05",72,391,6,27,89,234,68,3,2,-1.8381987795,0,"NA","NA"
"2014-01-06",86,472,29,41,163,247,62,4,3,0.931571827,0,"NA","NA"
"2014-01-07",91,513,21,20,150,305,58,5,3,-0.4364728067,30,"NA","NA"
"2014-01-08",101,527,2,13,168,278,81,3,3,-2.8707026468,30,"NA","NA"
"2014-01-09",104,571,15,12,197,311,64,6,2,-0.9728296104,30,"NA","NA"
"2014-01-10",111,589,16,26,200,303,86,6,3,-0.1626908248,0,"NA","NA"
"2014-01-11",91,506,12,24,187,260,59,8,3,0.0935862108,0,"NA","NA"
"2014-01-12",89,486,32,30,145,273,69,4,4,0.5756377653,0,"NA","NA"
"2014-01-13",99,558,19,16,159,339,61,6,1,-0.4660522371,10,"NA","NA"
"2014-01-14",108,604,9,12,176,362,66,6,3,-1.4175597738,10,"NA","NA"
"2014-01-15",118,625,19,5,220,332,73,3,2,-2.0312150456,10,"NA","NA"
"2014-01-16",93,527,2,18,154,323,50,4,3,-2.2788848448,0,"NA","NA"
"2014-01-17",84,496,31,40,171,274,52,12,1,3.6588790056,0,"NA","NA"
"2014-01-18",88,492,1,18,158,285,50,4,3,-2.3530065387,0,"NA","NA"
"2014-01-19",97,512,2,9,165,276,71,3,4,-3.0809932444,0,"NA","NA"
"2014-01-20",113,600,2,13,216,309,75,4,2,-2.5417480918,0,"NA","NA"
"2014-01-21",91,530,1,19,165,324,42,6,2,-1.6425247792,20,"NA","NA"
"2014-01-22",89,498,5,8,135,308,55,4,3,-2.5822462571,20,"NA","NA"
"2014-01-23",100,541,18,17,172,304,65,2,2,-1.8034195017,20,"NA","NA"
"2014-01-24",102,542,14,17,171,295,76,4,3,-1.4419971673,0,"NA","NA"
"2014-01-25",102,536,13,4,175,285,76,3,3,-2.5285178585,0,"NA",0
"2014-01-26",107,590,2,13,214,321,56,4,4,-2.5417480918,0,"NA",0
"2014-01-27",105,594,2,25,182,341,71,10,3,0.0628510312,0,"NA",0
"2014-01-28",98,550,1,10,196,301,54,7,3,-1.7867240689,30,"NA",0
"2014-01-29",101,552,6,5,150,336,67,2,3,-3.3237516214,30,"NA",0
"2014-01-30",101,549,7,8,166,312,72,5,3,-2.1050483143,30,"NA",0
"2014-01-31",100,558,15,6,190,314,54,6,2,-1.2882655068,10,"NA",0
"2014-02-01",96,543,2,32,161,320,62,5,2,-1.2139131981,10,"NA",800
"2014-02-02",99,549,2,32,157,323,70,5,1,-1.2139131981,10,"NA",800
"2014-02-03",93,513,2,13,139,311,64,3,1,-2.8707026468,0,"NA",800
"2014-02-04",70,400,58,27,103,235,63,9,2,3.9898566337,0,"NA",800
"2014-02-05",93,570,5,43,129,390,52,9,2,0.9025692472,0,"NA",800
"2014-02-06",103,556,2,20,212,277,68,6,3,-1.5158304359,0,"NA",800
"2014-02-07",101,571,25,27,180,322,70,9,3,1.5438407348,0,"NA",800
"2014-02-08",96,548,68,4,165,343,40,2,2,1.2192207513,15,"NA","NA"
"2014-02-09",112,612,13,7,199,348,66,4,3,-2.0418453553,15,"NA",800
"2014-02-10",100,581,13,25,187,349,46,7,3,-0.1086740009,15,"NA",800
"2014-02-11",100,576,19,27,170,345,62,8,2,0.7701560164,15,"NA",800
"2014-02-12",112,588,17,10,200,309,80,3,3,-1.9165951864,15,"NA",800
"2014-02-13",112,613,1,5,228,334,52,2,4,-3.694360091,15,"NA",800
"2014-02-14",96,545,2,20,166,330,49,4,2,-2.1737395459,0,"NA",800
"2014-02-15",100,562,2,51,191,314,58,4,3,-0.5439874144,0,"NA",800
"2014-02-16",106,586,16,4,154,365,68,3,3,-2.3061527768,0,"NA",0
"2014-02-17",98,541,23,33,189,293,60,5,3,0.3952150234,10,"NA",0
"2014-02-18",106,570,13,5,154,343,74,2,2,-2.8048997641,10,"NA",0
"2014-02-19",101,557,1,20,189,305,63,6,2,-1.5899521298,10,"NA",0
"2014-02-20",96,534,1,11,190,298,47,4,3,-2.7210150845,30,"NA",0
"2014-02-21",104,574,26,18,189,316,70,8,3,0.8158540291,30,"NA",0
"2014-02-22",91,506,11,31,168,281,58,5,2,-0.5993906023,30,"NA",0
"2014-02-23",99,565,12,28,202,313,50,6,2,-0.3540323016,0,"NA",800
"2014-02-24",91,507,11,19,160,287,60,6,3,-0.9013078402,0,"NA",800
"2014-02-25",98,556,7,14,175,329,52,6,3,-1.4606578628,0,"NA",800
"2014-02-26",105,578,16,19,153,344,82,6,2,-0.5306993706,0,"NA",800
"2014-02-27",94,513,18,18,175,279,60,5,2,-0.7639831872,0,"NA",800
"2014-02-28",99,549,25,18,172,310,67,7,2,0.4127777801,0,"NA",800
"2014-03-01",88,487,21,15,157,276,54,5,2,-0.6993360537,20,"NA",800
"2014-03-02",94,534,1,14,135,344,55,3,3,-2.8922516913,20,"NA",0
"2014-03-03",76,451,9,32,174,247,30,7,2,-0.0371522307,20,"NA",0
"2014-03-04",86,487,3,24,162,282,44,4,3,-1.8893272544,10,"NA",0
"2014-03-05",96,551,7,35,183,308,61,9,3,0.6302314398,10,"NA",0
"2014-03-06",99,553,2,19,165,330,59,3,3,-2.5552667504,10,"NA",0
"2014-03-07",99,538,27,28,172,294,73,6,3,0.757793107,0,"NA",0
"2014-03-08",89,506,1,39,173,277,57,7,3,-0.2621172361,0,"NA",0
"2014-03-09",107,579,30,9,203,314,63,3,2,-1.0055858151,0,"NA",800
"2014-03-10",98,540,17,20,185,292,64,6,2,-0.4040050273,0,"NA",800
"2014-03-11",89,485,1,21,159,262,65,5,2,-1.8663340354,0,"NA",800
"2014-03-12",102,586,51,20,182,354,50,6,2,2.1161325655,30,"NA",800
"2014-03-13",82,472,1,11,173,271,29,5,2,-2.3920605295,30,"NA",800
"2014-03-14",108,616,15,16,219,345,53,9,3,0.2243246523,30,"NA",800
"2014-03-15",96,544,12,5,159,335,50,5,3,-1.892157793,0,"NA",800
"2014-03-16",93,542,1,21,167,335,41,5,2,-1.8663340354,0,"NA",0
"2014-03-17",84,502,90,88,180,275,48,7,1,8.9107733425,0,"NA",0
"2014-03-18",115,635,2,25,197,360,79,6,3,-1.2529671889,0,"NA",0
"2014-03-19",96,544,29,15,186,304,54,8,2,0.8805011626,0,"NA",0
"2014-03-20",105,576,6,29,176,320,80,7,2,-0.4172352606,0,"NA",0
"2014-03-21",100,579,1,23,206,329,44,8,2,-0.7743250716,20,"NA",0
"2014-03-22",98,584,1,27,186,352,46,10,3,0.0938746361,20,"NA",0
"2014-03-23",106,597,10,14,189,349,60,7,2,-0.9093382261,20,"NA",0
"2014-03-24",87,517,2,19,170,312,35,7,3,-1.2394485303,10,"NA",0
"2014-03-25",98,567,1,14,153,366,49,5,3,-2.2343425813,10,"NA",0
"2014-03-26",98,580,2,23,177,363,41,7,3,-1.0291579327,10,"NA",0
"2014-03-27",80,497,14,33,145,319,33,9,3,1.0439379983,0,"NA",0
"2014-03-28",101,549,1,10,182,306,61,4,3,-2.7735877339,0,"NA",0
"2014-03-29",103,591,1,18,178,356,57,7,3,-1.3661428736,0,"NA",0
"2014-03-30",75,439,1,6,143,271,26,4,4,-2.9838783315,0,"NA",800
"2014-03-31",105,595,1,7,194,356,46,4,3,-2.9313056821,0,"NA",800
"2014-04-01",100,576,1,25,167,346,64,10,3,-0.0112706627,0,"NA",800
"2014-04-02",94,533,2,23,160,325,49,3,3,-2.3449761527,20,"NA",800
"2014-04-03",100,566,1,24,189,322,55,6,3,-1.3796615322,20,"NA",800
"2014-04-04",97,544,1,18,158,332,54,3,2,-2.6819610937,20,"NA",800
"2014-04-05",79,456,2,31,181,254,21,2,3,-2.2533495125,10,"NA",800
"2014-04-06",98,536,7,17,167,302,68,5,2,-1.6318944696,10,"NA",0
"2014-04-07",68,458,2,168,95,309,55,5,1,5.9359671211,10,"NA",0
"2014-04-08",107,610,1,12,198,356,56,7,3,-1.68157877,0,"NA",0
"2014-04-09",54,348,48,93,59,244,46,4,1,5.0736617804,0,"NA",0
"2014-04-10",111,614,2,24,209,338,68,6,3,-1.3055398383,0,"NA",0
"2014-04-11",41,281,1,142,53,188,40,1,2,3.1791383226,30,"NA",0
"2014-04-12",115,613,1,18,194,334,85,4,3,-2.3530065387,30,"NA",0
"2014-04-13",100,586,2,26,164,369,53,7,3,-0.8714399845,30,"NA",800
"2014-04-14",113,632,5,8,209,366,57,5,4,-2.2532917021,0,"NA",800
"2014-04-15",96,548,10,14,156,335,57,6,3,-1.2382927811,0,"NA",800
"2014-04-16",102,578,2,26,177,353,49,2,1,-2.5162127595,0,"NA",800
"2014-04-17",100,574,13,7,157,365,53,5,3,-1.7128908002,0,"NA",800
"2014-04-18",89,519,2,10,153,321,46,7,3,-1.7126023749,0,"NA",800
"2014-04-19",95,550,5,28,161,337,53,6,3,-0.8728841589,0,"NA",800
"2014-04-20",84,480,1,22,157,287,37,3,3,-2.4716704961,20,"NA",0
"2014-04-21",99,557,4,27,178,322,58,6,3,-0.9995785023,20,"NA",0
"2014-04-22",90,524,30,50,174,295,56,9,2,3.1236201407,20,"NA",0
"2014-04-23",97,559,1,12,152,361,46,4,2,-2.6684424351,10,"NA",0
"2014-04-24",99,540,5,17,166,304,71,5,3,-1.7801378574,10,"NA",0
"2014-04-25",109,605,6,20,228,317,60,8,3,-0.5614345502,10,"NA",0
"2014-04-26",106,578,6,9,180,331,68,5,4,-2.1265973588,0,"NA",0
"2014-04-27",100,567,1,4,187,341,40,3,3,-3.4179781854,0,"NA",800
"2014-04-28",94,575,1,25,196,351,29,10,3,-0.0112706627,0,"NA",800
"2014-04-29",99,577,1,12,192,351,35,5,3,-2.3394878801,30,"NA",800
"2014-04-30",104,601,2,13,193,365,44,5,3,-2.2127935368,30,"NA",800
"2014-05-01",92,546,25,38,159,332,55,9,2,2.1221398783,30,"NA",800
"2014-05-02",102,597,19,35,159,380,58,6,2,0.5328281016,0,"NA",800
"2014-05-03",91,544,1,25,162,338,44,9,3,-0.3402252177,0,"NA",800
"2014-05-04",81,488,25,40,125,312,52,10,4,2.5562397321,"NA","NA","NA"
"2014-05-05",75,408,49,30,94,244,71,5,3,2.1646611167,"NA","NA","NA"
"2014-05-06",78,493,2,73,138,313,43,10,3,2.5863382027,"NA","NA","NA"
"2014-05-07",99,574,14,7,156,376,42,4,3,-1.9677236613,"NA","NA","NA"
"2014-05-08",104,565,21,3,205,307,53,3,4,-1.9881169566,"NA","NA","NA"
"2014-05-09",90,518,31,35,185,278,55,10,3,2.7381066485,"NA","NA","NA"
"2014-05-10",102,557,40,28,197,289,71,7,3,2.0503296828,"NA","NA","NA"
"2014-05-11",91,490,18,29,161,250,79,8,2,0.8011796213,"NA","NA","NA"
"2014-05-12",111,600,32,12,197,324,79,6,3,0.287239186,"NA","NA","NA"
"2014-05-13",96,528,37,22,188,273,68,8,2,1.8414832597,"NA","NA","NA"
"2014-05-14",104,609,27,39,210,336,63,13,2,3.6387741356,"NA","NA","NA"
"2014-05-15",119,634,35,24,231,315,88,8,3,1.7983851707,"NA","NA","NA"
"2014-05-16",99,563,25,63,201,297,66,7,2,2.7785470034,"NA","NA","NA"
"2014-05-17",117,640,33,11,249,320,71,9,3,1.2956518956,"NA","NA","NA"
"2014-05-18",115,629,30,16,242,327,61,6,3,0.3492863958,"NA","NA","NA"
"2014-05-19",103,577,21,11,183,336,58,5,3,-0.9096266514,"NA","NA","NA"
"2014-05-20",118,633,17,3,205,352,76,4,2,-1.9556491773,"NA","NA","NA"
"2014-05-21",99,552,37,23,210,277,65,11,3,2.8809195741,"NA","NA","NA"
"2014-05-22",97,533,42,32,171,288,75,8,3,2.7378182233,"NA","NA","NA"
"2014-05-23",91,520,23,76,179,280,62,6,1,2.9847935029,"NA","NA","NA"
"2014-05-24",107,592,26,19,183,341,69,6,2,0.2105175684,"NA","NA","NA"
"2014-05-25",103,544,18,9,172,298,75,3,4,-1.8950461419,"NA","NA","NA"
"2014-05-26",89,503,23,30,167,273,63,10,2,1.8822698503,"NA","NA","NA"
"2014-05-27",95,528,14,6,173,304,51,5,3,-1.6913417557,"NA","NA","NA"
"2014-05-28",78,432,18,61,144,221,67,6,2,1.8255952922,"NA","NA","NA"
"2014-05-29",100,545,14,18,212,270,64,8,3,-0.0736062978,"NA","NA","NA"
"2014-05-30",104,597,38,22,185,361,52,5,2,0.9287412885,"NA","NA","NA"
"2014-05-31",87,487,33,17,163,274,51,6,2,0.624224127,"NA","NA","NA"
"2014-06-01",91,508,16,30,175,263,70,10,3,1.3634179929,"NA","NA","NA"
"2014-06-02",107,578,12,39,192,307,79,4,3,-0.4336422682,"NA","NA","NA"
"2014-06-03",92,509,19,59,182,260,68,6,2,1.7945716873,"NA","NA","NA"
"2014-06-04",94,516,17,50,172,268,76,6,3,1.1731744549,"NA","NA","NA"
"2014-06-05",99,536,20,8,177,292,67,5,2,-1.1414662935,"NA","NA","NA"
"2014-06-06",88,501,27,71,193,254,54,6,2,3.0184170315,"NA","NA","NA"
"2014-06-07",97,566,10,20,168,339,59,11,3,0.7219158904,"NA","NA","NA"
"2014-06-08",96,543,42,16,185,304,54,8,2,1.8966558328,"NA","NA","NA"
"2014-06-09",56,302,37,6,56,198,48,1,0,-1.302361016,"NA","NA","NA"
"2014-06-10",84,488,40,47,176,263,50,9,3,3.7071191315,"NA","NA","NA"
"2014-06-11",110,613,17,21,195,350,68,7,3,-0.0224778229,"NA","NA","NA"
"2014-06-12",87,494,35,10,154,287,53,7,2,0.733413524,"NA","NA","NA"
"2014-06-13",112,612,16,18,225,317,70,8,3,0.07463709,"NA","NA","NA"
"2014-06-14",108,594,33,25,170,346,79,6,3,1.0448053222,"NA","NA","NA"
"2014-06-15",94,570,16,54,186,339,46,10,2,2.6251615787,"NA","NA","NA"
"2014-06-16",86,507,42,49,175,288,45,7,2,3.3025987081,"NA","NA","NA"
"2014-06-17",102,564,17,19,175,316,74,8,2,0.2013314333,"NA","NA","NA"
"2014-06-18",96,549,25,15,146,347,56,5,2,-0.4028492781,"NA","NA","NA"
"2014-06-19",103,586,24,26,202,327,58,9,3,1.4171463915,"NA","NA","NA"
"2014-06-20",92,525,21,34,177,289,59,8,3,1.28640795,"NA","NA","NA"
"2014-06-21",103,570,16,24,193,315,63,5,2,-0.5967906786,"NA","NA","NA"
"2014-06-22",107,611,16,26,182,351,78,13,3,2.1399910603,"NA","NA","NA"
"2014-06-23",87,488,26,11,129,295,65,7,3,0.1188909282,"NA","NA","NA"
"2014-06-24",60,329,29,7,128,163,38,5,0,-0.5269436977,"NA","NA","NA"
"2014-06-25",98,547,15,14,175,307,65,8,3,-0.2097752015,"NA","NA","NA"
"2014-06-26",97,525,15,11,146,303,76,5,3,-1.3543568148,"NA","NA","NA"
"2014-06-28",24,147,5,10,68,75,5,3,0,-2.8060555133,"NA","NA","NA"
