"Date","Alcohol","ZQ","Total.Z","Time.to.Z","Time.in.Wake","Time.in.REM","Time.in.Light","Time.in.Deep","Awakenings","Start.of.Night","End.of.Night","Rise.Time","Morning.Feel"
"2013-05-01","FALSE",91,506,23,10,176,279,51,6,1445,"05/02/2013 06:09","05/02/2013 06:05",4
"2013-05-02","FALSE",79,425,42,55,180,175,71,9,1445,"05/03/2013 05:49","05/03/2013 05:35",1
"2013-05-02","TRUE",79,425,42,55,180,175,71,9,1445,"05/03/2013 05:49","05/03/2013 05:35",1
"2013-05-03","FALSE",94,499,6,21,198,238,63,5,1440,"05/04/2013 06:37","05/04/2013 06:15",2
"2013-05-03","TRUE",94,499,6,21,198,238,63,5,1440,"05/04/2013 06:37","05/04/2013 06:15",2
"2013-05-03","TRUE",94,499,6,21,198,238,63,5,1440,"05/04/2013 06:37","05/04/2013 06:15",2
"2013-05-04","TRUE",79,394,35,1,136,189,70,2,1495,"05/05/2013 05:16","05/05/2013 05:05",3
"2013-05-04","FALSE",79,394,35,1,136,189,70,2,1495,"05/05/2013 05:16","05/05/2013 05:05",3
"2013-05-05","FALSE",69,381,28,35,102,222,58,4,1430,"05/06/2013 05:57","05/06/2013 05:15",2
"2013-05-06","FALSE",73,424,30,20,145,249,30,3,1475,"05/07/2013 05:36","05/07/2013 05:15",3
"2013-05-07","FALSE",102,557,18,6,166,326,65,3,1420,"05/08/2013 06:37","05/08/2013 06:20",4
"2013-05-08","TRUE",101,526,23,4,187,269,70,3,1425,"05/09/2013 06:08","05/09/2013 06:10",2
"2013-05-08","FALSE",101,526,23,4,187,269,70,3,1425,"05/09/2013 06:08","05/09/2013 06:10",2
"2013-05-09","FALSE",78,439,15,19,137,247,56,7,1430,"05/10/2013 06:29","05/10/2013 06:10",3
"2013-05-10","FALSE",97,537,20,15,173,302,62,6,1420,"05/11/2013 06:15","05/11/2013 06:00",4
"2013-05-10","TRUE",97,537,20,15,173,302,62,6,1420,"05/11/2013 06:15","05/11/2013 06:00",4
"2013-05-11","FALSE",89,509,28,51,194,266,50,7,1410,"05/12/2013 06:29","05/12/2013 06:15",2
"2013-05-12","FALSE",108,588,21,22,219,291,78,10,1385,"05/13/2013 06:43","05/13/2013 06:35",4
"2013-05-13","FALSE",86,496,26,24,172,276,48,8,1475,"05/14/2013 06:46","05/14/2013 06:40",2
"2013-05-13","TRUE",86,496,26,24,172,276,48,8,1475,"05/14/2013 06:46","05/14/2013 06:40",2
"2013-05-14","FALSE",96,535,18,20,183,286,67,9,1420,"05/15/2013 06:31","05/15/2013 06:05",3
"2013-05-15","FALSE",90,488,36,25,158,267,64,3,1410,"05/16/2013 05:54","05/16/2013 05:35",3
"2013-05-16","FALSE",107,572,19,10,204,292,77,7,1425,"05/17/2013 06:49","05/17/2013 06:45",2
"2013-05-16","TRUE",107,572,19,10,204,292,77,7,1425,"05/17/2013 06:49","05/17/2013 06:45",2
"2013-05-17","FALSE",92,514,32,8,144,311,60,6,1395,"05/18/2013 05:50","05/18/2013 05:50",3
"2013-05-17","TRUE",92,514,32,8,144,311,60,6,1395,"05/18/2013 05:50","05/18/2013 05:50",3
"2013-05-18","FALSE",78,435,30,19,134,248,53,5,1325,"05/19/2013 03:18","05/19/2013 03:00",2
"2013-05-18","TRUE",78,435,30,19,134,248,53,5,1325,"05/19/2013 03:18","05/19/2013 03:00",2
"2013-05-19","TRUE",104,566,13,25,223,267,76,12,1405,"05/20/2013 06:29","05/20/2013 06:30",3
"2013-05-19","FALSE",104,566,13,25,223,267,76,12,1405,"05/20/2013 06:29","05/20/2013 06:30",3
"2013-05-20","FALSE",87,490,20,24,179,260,52,8,1430,"05/21/2013 05:54","05/21/2013 05:25",3
"2013-05-21","FALSE",98,532,13,16,175,281,76,9,1415,"05/22/2013 06:10","05/22/2013 05:50",3
"2013-05-22","FALSE",81,446,36,43,159,224,64,6,1440,"05/23/2013 05:48","05/23/2013 05:45",2
"2013-05-23","FALSE",94,482,21,7,170,233,79,5,1430,"05/24/2013 06:43","05/24/2013 06:40",3
"2013-05-24","FALSE",86,499,39,31,170,278,52,10,1435,"05/25/2013 06:32","05/25/2013 06:10",2
"2013-05-25","FALSE",91,512,29,47,167,291,54,3,1415,"05/26/2013 06:29","05/26/2013 05:35",2
"2013-05-26","FALSE",106,562,21,18,161,304,98,8,1420,"05/27/2013 07:49","05/27/2013 07:40",3
"2013-05-27","FALSE",101,550,51,16,195,292,63,6,1415,"05/28/2013 06:56","05/28/2013 07:00",4
"2013-05-28","FALSE",60,353,14,20,85,226,43,6,1410,"05/29/2013 03:44","05/29/2013 02:40",2
"2013-05-29","FALSE",53,279,33,5,83,142,54,6,1400,"05/30/2013 02:36","05/30/2013 02:35",0
"2013-05-30","FALSE",92,510,18,32,185,259,66,9,1435,"05/31/2013 06:17","05/31/2013 06:20",3
"2013-05-30","TRUE",92,510,18,32,185,259,66,9,1435,"05/31/2013 06:17","05/31/2013 06:20",3
"2013-05-31","FALSE",106,559,14,8,175,304,80,4,1420,"06/01/2013 06:22","06/01/2013 06:25",2
"2013-06-01","FALSE",110,599,31,28,224,305,71,7,1335,"06/02/2013 06:25","06/02/2013 06:15",2
"2013-06-02","FALSE",4,112,44,276,16,59,38,3,1365,"06/03/2013 03:09","06/03/2013 02:45",1
"2013-06-03","FALSE",106,574,12,25,186,303,86,9,1420,"06/04/2013 07:11","06/04/2013 06:50",3
"2013-06-04","FALSE",100,516,39,11,183,254,79,4,1435,"06/05/2013 06:28","06/05/2013 06:20",3
"2013-06-05","FALSE",109,573,23,21,204,277,93,8,1405,"06/06/2013 06:42","06/06/2013 06:45",4
"2013-06-06","FALSE",108,568,22,18,172,301,95,6,1415,"06/07/2013 06:59","06/07/2013 06:50",4
"2013-06-07","FALSE",103,564,22,30,173,312,80,7,1460,"06/08/2013 07:43","06/08/2013 07:25",3
"2013-06-08","FALSE",89,502,22,19,167,286,49,5,1430,"06/09/2013 06:58","06/09/2013 06:55",2
"2013-06-09","FALSE",84,497,40,33,139,300,59,11,1425,"06/10/2013 06:34","06/10/2013 06:05",3
"2013-06-10","FALSE",96,532,42,31,152,313,68,3,1420,"06/11/2013 07:14","06/11/2013 07:05",2
"2013-06-11","FALSE",101,554,39,11,187,298,70,8,1405,"06/12/2013 07:09","06/12/2013 07:00",3
"2013-06-12","FALSE",78,431,35,16,136,238,57,7,1515,"06/13/2013 06:22","06/13/2013 06:20",3
"2013-06-13","FALSE",99,543,38,17,183,294,67,6,1475,"06/14/2013 07:46","06/14/2013 07:25",2
"2013-06-14","FALSE",96,546,71,30,176,308,63,9,1405,"06/15/2013 07:17","06/15/2013 07:05",1
"2013-06-15","FALSE",97,544,18,37,185,290,70,9,1405,"06/16/2013 06:32","06/16/2013 06:20",2
"2013-06-16","FALSE",106,573,48,15,192,302,79,7,1420,"06/17/2013 07:24","06/17/2013 07:15",3
"2013-06-17","FALSE",89,499,61,33,145,290,64,6,1415,"06/18/2013 06:40","06/18/2013 06:35",3
"2013-06-18","FALSE",93,539,51,42,146,323,70,10,1415,"06/19/2013 07:11","06/19/2013 07:15",1
"2013-06-19","FALSE",85,460,31,6,143,257,61,5,1470,"06/20/2013 05:50","06/20/2013 05:55",0
"2013-06-20","FALSE",83,479,14,33,128,283,68,11,1435,"06/21/2013 05:42","06/21/2013 05:45",3
"2013-06-21","TRUE",98,564,24,41,168,324,73,12,1425,"06/22/2013 07:19","06/22/2013 07:05",3
"2013-06-21","FALSE",98,564,24,41,168,324,73,12,1425,"06/22/2013 07:19","06/22/2013 07:05",3
"2013-06-22","FALSE",87,503,34,95,142,283,78,7,1425,"06/23/2013 07:44","06/23/2013 07:45",2
"2013-06-23","TRUE",90,510,28,22,176,273,62,11,1435,"06/24/2013 06:22","06/24/2013 06:15",3
"2013-06-23","FALSE",90,510,28,22,176,273,62,11,1435,"06/24/2013 06:22","06/24/2013 06:15",3
"2013-06-24","FALSE",91,511,27,17,163,296,52,5,1405,"06/25/2013 05:47","06/25/2013 05:40",2
"2013-06-25","FALSE",86,496,24,24,143,302,51,6,1415,"06/26/2013 05:46","06/26/2013 05:40",3
"2013-06-26","FALSE",88,515,19,44,164,295,56,9,1430,"06/27/2013 06:35","06/27/2013 06:20",3
"2013-06-27","FALSE",93,531,28,46,171,296,65,8,1405,"06/28/2013 06:44","06/28/2013 06:25",3
"2013-06-28","FALSE",91,519,29,32,151,298,70,10,1410,"06/29/2013 06:22","06/29/2013 05:45",2
"2013-06-29","FALSE",104,573,7,9,167,339,68,5,1415,"06/30/2013 06:27","06/30/2013 06:30",3
"2013-06-30","FALSE",89,494,27,18,145,283,66,7,1420,"07/01/2013 06:09","07/01/2013 05:45",3
"2013-07-01","FALSE",95,544,22,34,193,290,62,11,1420,"07/02/2013 06:47","07/02/2013 06:30",2
"2013-07-02","FALSE",96,530,18,28,187,277,67,8,1405,"07/03/2013 06:20","07/03/2013 06:00",2
"2013-07-03","FALSE",88,512,17,43,145,306,61,8,1425,"07/04/2013 06:21","07/04/2013 05:45",3
"2013-07-04","FALSE",99,567,19,23,191,313,64,11,1385,"07/05/2013 06:41","07/05/2013 06:20",2
"2013-07-05","FALSE",91,508,37,19,144,296,68,8,1395,"07/06/2013 05:52","07/06/2013 05:35",3
"2013-07-06","FALSE",88,492,17,34,151,272,69,8,1470,"07/07/2013 06:37","07/07/2013 06:05",2
"2013-07-07","FALSE",92,505,17,7,181,266,59,7,1430,"07/08/2013 05:40","07/08/2013 05:40",3
"2013-07-08","FALSE",89,513,8,9,152,317,45,5,1420,"07/09/2013 05:59","07/09/2013 05:25",3
"2013-07-09","FALSE",79,434,12,3,118,265,52,2,1430,"07/10/2013 04:22","07/10/2013 04:20",3
"2013-07-10","FALSE",62,350,1,15,155,166,30,6,1645,"07/11/2013 06:36","07/11/2013 06:40",0
"2013-07-11","FALSE",92,531,20,29,167,306,58,9,1400,"07/12/2013 06:11","07/12/2013 05:45",2
"2013-07-11","TRUE",92,531,20,29,167,306,58,9,1400,"07/12/2013 06:11","07/12/2013 05:45",2
"2013-07-12","FALSE",89,512,18,38,158,299,55,6,1400,"07/13/2013 05:56","07/13/2013 05:25",3
"2013-07-12","TRUE",89,512,18,38,158,299,55,6,1400,"07/13/2013 05:56","07/13/2013 05:25",3
"2013-07-13","FALSE",87,516,22,41,147,315,54,9,1410,"07/14/2013 06:09","07/14/2013 05:50",2
"2013-07-14","FALSE",96,539,22,22,161,315,63,7,1445,"07/15/2013 06:48","07/15/2013 06:50",2
"2013-07-15","FALSE",91,505,18,31,183,262,61,8,1465,"07/16/2013 06:44","07/16/2013 06:40",2
"2013-07-16","FALSE",100,556,28,18,186,304,66,9,1425,"07/17/2013 06:54","07/17/2013 06:45",2
"2013-07-17","TRUE",101,566,18,22,191,307,68,10,1450,"07/18/2013 07:17","07/18/2013 07:10",2
"2013-07-17","FALSE",101,566,18,22,191,307,68,10,1450,"07/18/2013 07:17","07/18/2013 07:10",2
"2013-07-18","FALSE",89,486,35,9,156,276,55,3,1435,"07/19/2013 06:12","07/19/2013 06:10",3
"2013-07-19","FALSE",85,474,10,20,139,277,58,4,1455,"07/20/2013 05:42","07/20/2013 05:40",3
"2013-07-20","FALSE",95,533,30,23,175,291,67,9,1405,"07/21/2013 06:20","07/21/2013 05:55",3
"2013-07-21","FALSE",96,539,20,15,154,320,65,6,1415,"07/22/2013 06:10","07/22/2013 06:10",2
"2013-07-22","FALSE",88,504,26,27,149,294,62,9,1405,"07/23/2013 05:48","07/23/2013 05:40",3
"2013-07-23","FALSE",92,529,21,23,172,303,55,9,1435,"07/24/2013 06:32","07/24/2013 06:35",2
"2013-07-24","FALSE",105,583,16,12,203,318,62,8,1420,"07/25/2013 06:52","07/25/2013 06:50",3
"2013-07-24","TRUE",105,583,16,12,203,318,62,8,1420,"07/25/2013 06:52","07/25/2013 06:50",3
"2013-07-25","FALSE",95,533,23,17,186,289,59,8,1455,"07/26/2013 06:55","07/26/2013 06:50",3
"2013-07-26","FALSE",78,447,13,19,129,265,53,7,1490,"07/27/2013 05:49","07/27/2013 05:50",2
"2013-07-27","FALSE","NA","NA","NA","NA","NA","NA","NA","NA","NA","NA","NA","NA"
"2013-07-28","FALSE","NA","NA","NA","NA","NA","NA","NA","NA","NA","NA","NA","NA"
"2013-07-29","TRUE","NA","NA","NA","NA","NA","NA","NA","NA","NA","NA","NA","NA"
"2013-07-29","FALSE","NA","NA","NA","NA","NA","NA","NA","NA","NA","NA","NA","NA"
"2013-07-30","FALSE","NA","NA","NA","NA","NA","NA","NA","NA","NA","NA","NA","NA"
"2013-07-31","FALSE","NA","NA","NA","NA","NA","NA","NA","NA","NA","NA","NA","NA"
"2013-08-01","FALSE","NA","NA","NA","NA","NA","NA","NA","NA","NA","NA","NA","NA"
"2013-08-02","TRUE","NA","NA","NA","NA","NA","NA","NA","NA","NA","NA","NA","NA"
"2013-08-02","FALSE","NA","NA","NA","NA","NA","NA","NA","NA","NA","NA","NA","NA"
"2013-08-03","FALSE","NA","NA","NA","NA","NA","NA","NA","NA","NA","NA","NA","NA"
"2013-08-04","FALSE",75,450,16,18,99,307,44,6,1350,"08/05/2013 03:35",,2
"2013-08-04","TRUE",75,450,16,18,99,307,44,6,1350,"08/05/2013 03:35",,2
"2013-08-05","FALSE",87,491,24,12,130,302,59,6,1320,"08/06/2013 03:53","08/06/2013 03:45",3
"2013-08-06","FALSE",97,535,16,23,205,269,62,9,1395,"08/07/2013 05:53","08/07/2013 05:30",4
"2013-08-07","FALSE",91,510,8,23,161,288,62,7,1445,"08/08/2013 06:11","08/08/2013 06:00",3
"2013-08-08","FALSE",97,530,18,19,177,287,66,6,1430,"08/09/2013 06:20","08/09/2013 05:55",3
"2013-08-09","FALSE",106,575,20,8,182,324,70,5,1375,"08/10/2013 06:02","08/10/2013 06:05",3
"2013-08-10","FALSE",90,479,20,16,141,268,70,3,1410,"08/11/2013 05:49","08/11/2013 05:35",2
"2013-08-11","FALSE",101,566,21,12,172,332,62,6,1410,"08/12/2013 06:32","08/12/2013 06:35",3
"2013-08-11","TRUE",101,566,21,12,172,332,62,6,1410,"08/12/2013 06:32","08/12/2013 06:35",3
"2013-08-12","FALSE",89,466,7,9,126,256,85,6,1455,"08/13/2013 05:19","08/13/2013 05:20",3
"2013-08-12","TRUE",89,466,7,9,126,256,85,6,1455,"08/13/2013 05:19","08/13/2013 05:20",3
"2013-08-13","FALSE",96,536,11,20,172,298,66,9,1380,"08/14/2013 05:48","08/14/2013 05:30",3
"2013-08-14","FALSE",90,474,16,11,176,228,70,6,1490,"08/15/2013 06:58","08/15/2013 07:00",3
"2013-08-15","FALSE",97,526,17,20,201,255,71,10,1440,"08/16/2013 06:28","08/16/2013 06:20",4
"2013-08-16","TRUE",94,536,22,37,163,301,73,11,1445,"08/17/2013 07:09","08/17/2013 06:50",2
"2013-08-16","FALSE",94,536,22,37,163,301,73,11,1445,"08/17/2013 07:09","08/17/2013 06:50",2
"2013-08-17","FALSE",93,543,24,35,149,324,71,12,1420,"08/18/2013 06:47","08/18/2013 06:50",3
"2013-08-18","FALSE",94,522,28,24,171,286,66,7,1440,"08/19/2013 06:48","08/19/2013 06:20",3
"2013-08-19","FALSE",87,503,18,41,129,300,74,10,1460,"08/20/2013 07:06","08/20/2013 06:50",2
"2013-08-20","FALSE",86,499,19,34,158,271,70,14,1445,"08/21/2013 06:22","08/21/2013 06:10",3
"2013-08-21","FALSE","NA","NA","NA","NA","NA","NA","NA","NA","NA","NA","NA","NA"
"2013-08-22","FALSE",17,97,1,3,55,41,2,2,1220,"08/22/2013 07:04","08/22/2013 07:00",0
"2013-08-22","FALSE",75,425,30,54,125,243,58,5,1465,"08/23/2013 05:57","08/23/2013 05:40",1
"2013-08-23","FALSE",77,389,12,12,118,193,79,5,1440,"08/24/2013 05:41","08/24/2013 05:45",3
"2013-08-24","FALSE",92,495,16,13,174,255,66,6,1430,"08/25/2013 05:44","08/25/2013 05:35",2
"2013-08-24","TRUE",92,495,16,13,174,255,66,6,1430,"08/25/2013 05:44","08/25/2013 05:35",2
"2013-08-25","TRUE",110,563,6,10,187,280,96,4,1390,"08/26/2013 05:54","08/26/2013 05:50",3
"2013-08-25","FALSE",110,563,6,10,187,280,96,4,1390,"08/26/2013 05:54","08/26/2013 05:50",3
"2013-08-26","FALSE",97,508,26,5,176,262,70,4,1430,"08/27/2013 05:55","08/27/2013 05:40",3
"2013-08-27","FALSE",110,589,5,7,195,317,77,6,1435,"08/28/2013 07:01","08/28/2013 06:55",3
"2013-08-28","TRUE",87,490,17,42,161,266,63,8,1475,"08/29/2013 06:44","08/29/2013 06:45",2
"2013-08-28","FALSE",87,490,17,42,161,266,63,8,1475,"08/29/2013 06:44","08/29/2013 06:45",2
"2013-08-29","FALSE",109,612,16,15,187,357,69,8,1400,"08/30/2013 07:08","08/30/2013 07:10",2
"2013-08-30","FALSE",68,410,37,29,121,249,41,9,1450,"08/31/2013 05:17","08/31/2013 04:40",3
"2013-08-31","FALSE",119,640,14,9,220,345,76,5,1355,"09/01/2013 06:45","09/01/2013 06:35",3
"2013-09-01","FALSE",84,465,33,5,152,261,52,6,1435,"09/02/2013 05:40","09/02/2013 05:20",3
"2013-09-02","FALSE",100,563,12,14,184,319,60,8,1440,"09/03/2013 06:53","09/03/2013 06:50",3
"2013-09-03","FALSE",97,539,11,8,184,305,51,5,1445,"09/04/2013 06:36","09/04/2013 06:20",3
"2013-09-04","FALSE",102,569,16,21,219,289,62,10,1415,"09/05/2013 06:51","09/05/2013 06:40",2
"2013-09-05","FALSE",102,572,15,16,163,347,62,5,1400,"09/06/2013 06:51","09/06/2013 06:55",2
"2013-09-06","FALSE",103,584,5,19,193,319,72,13,1410,"09/07/2013 06:46","09/07/2013 06:40",3
"2013-09-07","FALSE",98,535,17,10,161,311,63,3,1410,"09/08/2013 05:53","09/08/2013 05:50",4
"2013-09-08","FALSE",36,175,25,1,33,96,47,1,1390,"09/08/2013 11:32","09/08/2013 11:35",0
"2013-09-09","FALSE",96,526,26,11,187,293,46,2,1400,"09/10/2013 05:52","09/10/2013 05:30",3
"2013-09-10","FALSE",96,536,12,28,195,279,63,9,1400,"09/11/2013 06:04","09/11/2013 05:50",3
"2013-09-11","FALSE",89,491,15,17,184,247,60,9,1455,"09/12/2013 06:12","09/12/2013 05:55",3
"2013-09-12","FALSE",97,535,6,14,165,305,65,5,1395,"09/13/2013 05:38","09/13/2013 05:20",2
"2013-09-13","FALSE",97,523,13,8,159,296,68,4,1410,"09/14/2013 05:36","09/14/2013 05:40",3
"2013-09-14","FALSE",100,540,20,9,189,289,63,4,1420,"09/15/2013 06:23","09/15/2013 06:10",4
"2013-09-15","FALSE",98,547,20,18,149,327,71,6,1385,"09/16/2013 05:54","09/16/2013 05:45",2
"2013-09-16","FALSE",94,521,9,17,182,281,59,6,1405,"09/17/2013 05:47","09/17/2013 05:30",3
"2013-09-17","FALSE",101,550,16,22,179,297,75,6,1370,"09/18/2013 05:41","09/18/2013 05:45",3
"2013-09-18","FALSE",102,547,3,16,189,291,68,3,1400,"09/19/2013 05:59","09/19/2013 05:30",3
"2013-09-19","FALSE",94,509,10,17,188,258,64,7,1415,"09/20/2013 05:41","09/20/2013 05:25",3
"2013-09-20","FALSE",89,476,19,18,157,258,62,2,1410,"09/21/2013 05:21","09/21/2013 05:25",3
"2013-09-21","FALSE",104,555,4,8,187,298,71,3,1400,"09/22/2013 05:58","09/22/2013 05:50",4
"2013-09-22","FALSE",100,537,20,14,160,303,75,4,1405,"09/23/2013 06:02","09/23/2013 06:05",2
"2013-09-23","FALSE",88,490,13,27,150,278,62,6,1395,"09/24/2013 05:19","09/24/2013 05:05",3
"2013-09-23","TRUE",88,490,13,27,150,278,62,6,1395,"09/24/2013 05:19","09/24/2013 05:05",3
"2013-09-24","FALSE",106,579,11,22,210,297,73,8,1395,"09/25/2013 06:33","09/25/2013 06:30",3
"2013-09-25","FALSE",104,589,14,18,195,335,59,7,1390,"09/26/2013 06:39","09/26/2013 06:35",2
"2013-09-26","FALSE",93,511,20,5,174,290,47,3,1395,"09/27/2013 05:19","09/27/2013 05:10",3
"2013-09-27","FALSE",99,540,17,25,195,281,65,6,1390,"09/28/2013 05:55","09/28/2013 06:00",2
"2013-09-28","FALSE",113,593,2,10,235,285,73,4,1360,"09/29/2013 05:56","09/29/2013 05:45",3
"2013-09-29","FALSE",91,508,19,23,197,257,55,9,1410,"09/30/2013 05:49","09/30/2013 05:40",4
"2013-09-30","FALSE",96,541,9,13,167,311,64,9,1400,"10/01/2013 05:48","10/01/2013 05:40",4
"2013-10-01","FALSE",93,514,22,13,172,285,57,5,1395,"10/02/2013 05:32","10/02/2013 05:15",3
"2013-10-02","FALSE",68,360,27,13,121,191,49,1,1490,"10/03/2013 04:32","10/03/2013 04:10",3
"2013-10-03","FALSE",61,354,53,38,98,207,49,6,1400,"10/04/2013 03:51","10/04/2013 02:55",1
"2013-10-04","FALSE",94,490,2,6,146,267,77,2,1410,"10/05/2013 04:55","10/05/2013 04:40",3
"2013-10-05","FALSE",95,504,7,4,143,289,72,2,1390,"10/06/2013 04:49","10/06/2013 04:45",4
"2013-10-06","FALSE",97,519,2,13,177,275,68,4,1440,"10/07/2013 06:07","10/07/2013 05:45",3
"2013-10-07","FALSE","NA","NA","NA","NA","NA","NA","NA","NA","NA","NA","NA","NA"
"2013-10-08","FALSE",12,75,1,6,48,27,1,3,1195,"10/08/2013 06:19","10/08/2013 06:10",0
"2013-10-08","FALSE",122,664,3,5,177,411,76,1,1375,"10/09/2013 07:09","10/09/2013 07:10",3
"2013-10-09","FALSE",104,557,12,4,175,314,68,2,1400,"10/10/2013 06:00","10/10/2013 05:50",4
"2013-10-10","FALSE",103,574,31,37,200,305,70,9,1345,"10/11/2013 06:13","10/11/2013 06:15",3
"2013-10-11","FALSE",100,547,21,16,175,308,65,4,1375,"10/12/2013 05:45","10/12/2013 05:25",3
"2013-10-12","FALSE",96,551,24,33,178,315,59,9,1395,"10/13/2013 06:25","10/13/2013 06:30",4
"2013-10-13","FALSE",92,503,31,14,162,279,63,6,1445,"10/14/2013 06:13","10/14/2013 06:15",2
"2013-10-14","FALSE",111,596,21,11,216,316,64,3,1395,"10/15/2013 06:48","10/15/2013 06:50",2
"2013-10-15","FALSE",88,490,35,24,150,272,68,9,1405,"10/16/2013 05:47","10/16/2013 05:25",3
"2013-10-16","FALSE",90,517,34,32,182,273,63,13,1405,"10/17/2013 06:13","10/17/2013 05:55",1
"2013-10-17","FALSE",86,479,30,31,159,258,63,7,1390,"10/18/2013 05:15","10/18/2013 04:50",2
"2013-10-18","FALSE",85,479,4,32,134,290,55,4,1415,"10/19/2013 05:33","10/19/2013 04:55",4
"2013-10-19","FALSE",107,554,16,7,181,293,81,2,1395,"10/20/2013 05:54","10/20/2013 05:45",4
"2013-10-20","FALSE",96,529,27,7,172,302,56,4,1385,"10/21/2013 05:30","10/21/2013 05:20",3
"2013-10-21","FALSE",104,582,18,12,174,347,62,6,1410,"10/22/2013 06:43","10/22/2013 06:45",3
"2013-10-22","FALSE",97,529,20,9,175,290,65,6,1400,"10/23/2013 05:50","10/23/2013 05:35",3
"2013-10-23","FALSE",90,508,25,54,184,262,62,7,1380,"10/24/2013 06:36","10/24/2013 06:40",2
"2013-10-24","FALSE",92,510,16,27,165,272,74,9,1475,"10/25/2013 06:53","10/25/2013 06:45",3
"2013-10-25","FALSE",65,362,11,16,64,241,58,4,1410,"10/26/2013 05:31","10/26/2013 05:15",0
"2013-10-26","FALSE",98,545,25,13,135,345,65,3,1390,"10/27/2013 06:35","10/27/2013 06:35",3
"2013-10-27","FALSE",94,524,15,29,172,288,64,6,1395,"10/28/2013 05:48","10/28/2013 05:45",4
"2013-10-28","FALSE",93,525,5,20,171,299,56,7,1405,"10/29/2013 05:43","10/29/2013 05:30",3
"2013-10-29","FALSE",68,383,35,68,122,194,67,7,1420,"10/30/2013 04:59","10/30/2013 04:40",2
"2013-10-30","FALSE",109,586,12,21,195,315,77,5,1390,"10/31/2013 06:41","10/31/2013 06:30",4
"2013-10-31","FALSE",88,493,22,22,177,259,57,9,1400,"11/01/2013 05:23","11/01/2013 05:05",2
"2013-11-01","FALSE",99,550,2,25,205,283,63,8,1380,"11/02/2013 05:52","11/02/2013 05:30",3
"2013-11-02","TRUE","NA","NA","NA","NA","NA","NA","NA","NA","NA","NA","NA","NA"
"2013-11-02","FALSE","NA","NA","NA","NA","NA","NA","NA","NA","NA","NA","NA","NA"
"2013-11-03","FALSE",81,424,16,65,129,209,87,3,1335,"11/04/2013 04:14","11/04/2013 04:15",0
"2013-11-04","FALSE",88,479,18,28,155,258,67,6,1320,"11/05/2013 03:55","11/05/2013 03:45",3
"2013-11-05","FALSE",84,472,15,19,160,261,52,7,1345,"11/06/2013 03:55","11/06/2013 03:40",3
"2013-11-06","FALSE",95,508,16,17,153,280,75,4,1315,"11/07/2013 04:01","11/07/2013 03:45",3
"2013-11-07","FALSE",80,460,22,60,172,238,50,7,1325,"11/08/2013 04:11","11/08/2013 04:10",2
"2013-11-08","FALSE",105,548,10,8,182,293,74,2,1315,"11/09/2013 04:29","11/09/2013 04:05",4
"2013-11-09","FALSE",84,488,40,18,129,306,54,7,1315,"11/10/2013 04:14","11/10/2013 03:55",2
"2013-11-10","FALSE",102,541,12,20,202,265,75,5,1305,"11/11/2013 04:25","11/11/2013 04:05",3
"2013-11-11","FALSE",85,487,44,34,156,286,46,5,1330,"11/12/2013 04:38","11/12/2013 04:00",3
"2013-11-12","FALSE",105,579,5,13,162,345,72,5,1325,"11/13/2013 05:08","11/13/2013 04:50",2
"2013-11-13","FALSE",94,533,16,29,180,297,56,7,1335,"11/14/2013 04:56","11/14/2013 04:40",3
"2013-11-14","FALSE",92,504,12,27,146,281,78,7,1370,"11/15/2013 05:02","11/15/2013 04:55",3
"2013-11-15","FALSE",105,552,17,4,192,284,77,4,1335,"11/16/2013 05:15","11/16/2013 04:50",3
"2013-11-16","FALSE",94,544,17,33,149,330,65,8,1330,"11/17/2013 05:13","11/17/2013 04:50",3
"2013-11-17","FALSE",101,554,39,20,162,317,76,6,1310,"11/18/2013 05:03","11/18/2013 05:00",3
"2013-11-18","FALSE",82,466,18,38,136,268,62,7,1360,"11/19/2013 04:27","11/19/2013 04:00",3
"2013-11-19","FALSE",109,604,2,25,215,325,65,7,1330,"11/20/2013 05:48","11/20/2013 05:40",4
"2013-11-20","FALSE",94,508,12,13,178,273,58,4,1345,"11/21/2013 04:25","11/21/2013 04:15",3
"2013-11-21","FALSE",88,495,24,29,171,253,71,12,1355,"11/22/2013 04:47","11/22/2013 04:35",4
"2013-11-22","FALSE",104,569,10,28,209,295,65,6,1320,"11/23/2013 05:12","11/23/2013 04:55",3
"2013-11-23","FALSE",97,548,2,46,165,321,63,4,1305,"11/24/2013 04:47","11/24/2013 03:45",3
"2013-11-24","FALSE",85,488,33,18,140,297,52,7,1340,"11/25/2013 04:41","11/25/2013 04:10",3
"2013-11-25","FALSE",109,577,10,16,180,314,83,4,1340,"11/26/2013 05:25","11/26/2013 05:15",4
"2013-11-26","FALSE",105,582,23,34,205,301,77,11,1320,"11/27/2013 05:45","11/27/2013 05:40",3
"2013-11-27","FALSE",88,477,30,20,130,273,75,6,1345,"11/28/2013 04:23","11/28/2013 04:05",3
"2013-11-28","FALSE",99,537,20,6,174,303,61,4,1325,"11/29/2013 04:33","11/29/2013 04:30",3
"2013-11-28","TRUE",99,537,20,6,174,303,61,4,1325,"11/29/2013 04:33","11/29/2013 04:30",3
"2013-11-29","FALSE",87,500,2,31,177,270,53,9,1320,"11/30/2013 03:57","11/30/2013 03:45",2
"2013-11-30","FALSE",94,523,37,20,180,283,60,7,1295,"12/01/2013 04:23","12/01/2013 04:05",3
"2013-12-01","FALSE",86,481,15,24,151,265,66,9,1330,"12/02/2013 03:58","12/02/2013 03:35",3
"2013-12-02","FALSE",94,538,13,46,169,310,60,7,1320,"12/03/2013 05:00","12/03/2013 04:45",3
"2013-12-03","FALSE",97,543,15,36,166,299,78,10,1320,"12/04/2013 05:01","12/04/2013 04:35",2
"2013-12-04","FALSE",86,456,11,47,167,218,72,4,1355,"12/05/2013 04:18","12/05/2013 04:10",2
"2013-12-05","FALSE",102,528,11,4,187,268,74,2,1355,"12/06/2013 04:45","12/06/2013 04:35",3
"2013-12-06","FALSE",83,466,10,27,122,279,65,6,1350,"12/07/2013 04:00","12/07/2013 03:40",3
"2013-12-07","TRUE",101,558,3,12,178,322,59,4,1350,"12/08/2013 05:08","12/08/2013 05:00",4
"2013-12-07","FALSE",101,558,3,12,178,322,59,4,1350,"12/08/2013 05:08","12/08/2013 05:00",4
"2013-12-08","FALSE",107,564,13,1,180,312,73,1,1325,"12/09/2013 05:16","12/09/2013 05:20",3
"2013-12-09","FALSE",93,515,3,11,165,295,55,5,1340,"12/10/2013 04:58","12/10/2013 04:30",4
"2013-12-10","FALSE",105,586,31,24,223,305,58,7,1320,"12/11/2013 05:43","12/11/2013 05:45",2
"2013-12-11","FALSE",91,512,21,21,138,304,70,8,1345,"12/12/2013 04:44","12/12/2013 04:30",3
"2013-12-12","FALSE",102,589,1,34,197,332,60,9,1325,"12/13/2013 05:47","12/13/2013 05:50",3
"2013-12-13","FALSE",96,537,15,14,154,323,60,5,1335,"12/14/2013 04:48","12/14/2013 04:30",3
"2013-12-14","FALSE",91,490,26,29,167,240,83,10,1370,"12/15/2013 05:05","12/15/2013 04:30",3
"2013-12-15","FALSE",88,501,22,21,135,307,60,7,1335,"12/16/2013 04:25","12/16/2013 04:15",3
"2013-12-16","FALSE",111,620,1,17,179,368,73,7,1330,"12/17/2013 05:54","12/17/2013 05:55",2
"2013-12-16","TRUE",111,620,1,17,179,368,73,7,1330,"12/17/2013 05:54","12/17/2013 05:55",2
"2013-12-17","FALSE",80,499,11,50,150,312,37,10,1340,"12/18/2013 04:54","12/18/2013 04:45",3
"2013-12-18","FALSE",98,530,3,7,168,292,70,5,1350,"12/19/2013 04:44","12/19/2013 04:30",2
"2013-12-19","FALSE",100,540,6,7,181,292,67,5,1345,"12/20/2013 04:46","12/20/2013 04:40",3
"2013-12-20","FALSE",94,524,15,18,168,299,58,6,1360,"12/21/2013 05:01","12/21/2013 04:55",3
"2013-12-21","FALSE",85,471,1,7,128,284,59,4,1390,"12/22/2013 04:23","12/22/2013 04:25",3
"2013-12-22","FALSE",84,465,31,21,119,283,64,5,1380,"12/23/2013 04:42","12/23/2013 04:30",3
"2013-12-23","FALSE",109,581,3,6,164,341,77,2,1320,"12/24/2013 05:02","12/24/2013 05:05",3
"2013-12-24","TRUE",85,457,1,10,129,263,66,4,1320,"12/25/2013 03:04","12/25/2013 02:40",3
"2013-12-24","FALSE",85,457,1,10,129,263,66,4,1320,"12/25/2013 03:04","12/25/2013 02:40",3
"2013-12-25","FALSE",104,567,2,7,152,343,72,4,1260,"12/26/2013 04:40","12/26/2013 04:45",3
"2013-12-25","TRUE",104,567,2,7,152,343,72,4,1260,"12/26/2013 04:40","12/26/2013 04:45",3
"2013-12-26","FALSE",100,560,1,11,175,332,54,5,1295,"12/27/2013 04:23","12/27/2013 04:15",3
"2013-12-27","FALSE",103,552,1,2,156,326,71,2,1340,"12/28/2013 04:41","12/28/2013 04:45",4
"2013-12-28","FALSE",89,496,19,27,186,255,56,7,1325,"12/29/2013 04:10","12/29/2013 03:55",4
"2013-12-29","FALSE",90,498,15,9,137,302,60,4,1370,"12/30/2013 04:35","12/30/2013 04:40",3
"2013-12-30","FALSE",83,474,19,25,128,284,62,8,1370,"12/31/2013 04:31","12/31/2013 04:05",3
"2013-12-31","FALSE",99,523,18,13,166,281,76,3,1340,"01/01/2014 04:39","01/01/2014 04:25",3
"2013-12-31","TRUE",99,523,18,13,166,281,76,3,1340,"01/01/2014 04:39","01/01/2014 04:25",3
"2014-01-01","FALSE",63,337,16,9,110,187,41,1,1325,"01/02/2014 03:59","01/02/2014 03:35",0
"2014-01-02","TRUE",93,512,8,28,192,261,60,6,1375,"01/03/2014 05:11","01/03/2014 05:00",4
"2014-01-02","FALSE",93,512,8,28,192,261,60,6,1375,"01/03/2014 05:11","01/03/2014 05:00",4
"2014-01-03","FALSE",97,540,1,13,177,307,57,5,1325,"01/04/2014 04:42","01/04/2014 04:25",3
"2014-01-04","FALSE",87,477,17,15,142,276,59,4,1295,"01/05/2014 03:09","01/05/2014 03:00",2
"2014-01-05","FALSE",72,391,6,27,89,234,68,3,1330,"01/06/2014 02:26","01/06/2014 02:15",2
"2014-01-06","TRUE",86,472,29,41,163,247,62,4,1355,"01/07/2014 04:42","01/07/2014 04:00",3
"2014-01-06","FALSE",86,472,29,41,163,247,62,4,1355,"01/07/2014 04:42","01/07/2014 04:00",3
"2014-01-07","FALSE",91,513,21,20,150,305,58,5,1340,"01/08/2014 04:46","01/08/2014 04:20",3
"2014-01-08","FALSE",101,527,2,13,168,278,81,3,1325,"01/09/2014 04:16","01/09/2014 03:50",3
"2014-01-09","TRUE",104,571,15,12,197,311,64,6,1320,"01/10/2014 05:08","01/10/2014 04:55",2
"2014-01-09","FALSE",104,571,15,12,197,311,64,6,1320,"01/10/2014 05:08","01/10/2014 04:55",2
"2014-01-10","FALSE",111,589,16,26,200,303,86,6,1310,"01/11/2014 05:31","01/11/2014 05:15",3
"2014-01-11","FALSE",91,506,12,24,187,260,59,8,1350,"01/12/2014 04:35","01/12/2014 04:35",3
"2014-01-12","FALSE",89,486,32,30,145,273,69,4,1320,"01/13/2014 04:17","01/13/2014 03:40",4
"2014-01-13","FALSE",99,558,19,16,159,339,61,6,1315,"01/14/2014 04:51","01/14/2014 04:40",1
"2014-01-14","TRUE",108,604,9,12,176,362,66,6,1310,"01/15/2014 05:20","01/15/2014 05:15",3
"2014-01-14","FALSE",108,604,9,12,176,362,66,6,1310,"01/15/2014 05:20","01/15/2014 05:15",3
"2014-01-15","TRUE",118,625,19,5,220,332,73,3,1280,"01/16/2014 05:19","01/16/2014 05:00",2
"2014-01-15","FALSE",118,625,19,5,220,332,73,3,1280,"01/16/2014 05:19","01/16/2014 05:00",2
"2014-01-16","FALSE",93,527,2,18,154,323,50,4,1300,"01/17/2014 04:00","01/17/2014 03:40",3
"2014-01-17","FALSE",84,496,31,40,171,274,52,12,1295,"01/18/2014 04:08","01/18/2014 04:10",1
"2014-01-18","FALSE",88,492,1,18,158,285,50,4,1325,"01/19/2014 04:29","01/19/2014 03:50",3
"2014-01-19","FALSE",97,512,2,9,165,276,71,3,1325,"01/20/2014 04:11","01/20/2014 03:50",4
"2014-01-20","FALSE",113,600,2,13,216,309,75,4,1315,"01/21/2014 05:18","01/21/2014 05:10",2
"2014-01-21","FALSE",91,530,1,19,165,324,42,6,1330,"01/22/2014 04:44","01/22/2014 04:20",2
"2014-01-22","FALSE",89,498,5,8,135,308,55,4,1330,"01/23/2014 03:54","01/23/2014 03:40",3
"2014-01-23","TRUE",100,541,18,17,172,304,65,2,1305,"01/24/2014 04:28","01/24/2014 03:55",2
"2014-01-23","FALSE",100,541,18,17,172,304,65,2,1305,"01/24/2014 04:28","01/24/2014 03:55",2
"2014-01-24","FALSE",102,542,14,17,171,295,76,4,1320,"01/25/2014 04:37","01/25/2014 04:30",3
"2014-01-25","FALSE",102,536,13,4,175,285,76,3,1310,"01/26/2014 04:30","01/26/2014 04:05",3
"2014-01-26","FALSE",107,590,2,13,214,321,56,4,1315,"01/27/2014 05:13","01/27/2014 05:00",4
"2014-01-27","FALSE",105,594,2,25,182,341,71,10,1325,"01/28/2014 05:34","01/28/2014 05:30",3
"2014-01-28","TRUE",98,550,1,10,196,301,54,7,1370,"01/29/2014 05:22","01/29/2014 05:10",3
"2014-01-28","FALSE",98,550,1,10,196,301,54,7,1370,"01/29/2014 05:22","01/29/2014 05:10",3
"2014-01-29","FALSE",101,552,6,5,150,336,67,2,1320,"01/30/2014 04:42","01/30/2014 04:25",3
"2014-01-29","TRUE",101,552,6,5,150,336,67,2,1320,"01/30/2014 04:42","01/30/2014 04:25",3
"2014-01-30","FALSE",101,549,7,8,166,312,72,5,1315,"01/31/2014 04:49","01/31/2014 04:25",3
"2014-01-31","TRUE",100,558,15,6,190,314,54,6,1340,"02/01/2014 05:10","02/01/2014 05:00",2
"2014-01-31","FALSE",100,558,15,6,190,314,54,6,1340,"02/01/2014 05:10","02/01/2014 05:00",2
"2014-02-01","FALSE",96,543,2,32,161,320,62,5,1340,"02/02/2014 05:06","02/02/2014 05:10",2
"2014-02-02","FALSE",99,549,2,32,157,323,70,5,1340,"02/03/2014 05:12","02/03/2014 04:50",1
"2014-02-02","TRUE",99,549,2,32,157,323,70,5,1340,"02/03/2014 05:12","02/03/2014 04:50",1
"2014-02-03","FALSE",93,513,2,13,139,311,64,3,1320,"02/04/2014 06:22","02/04/2014 06:25",1
"2014-02-04","TRUE",70,400,58,27,103,235,63,9,1350,"02/05/2014 05:39","02/05/2014 05:35",2
"2014-02-04","FALSE",70,400,58,27,103,235,63,9,1350,"02/05/2014 05:39","02/05/2014 05:35",2
"2014-02-05","FALSE",93,570,5,43,129,390,52,9,1340,"02/06/2014 05:53","02/06/2014 05:50",2
"2014-02-06","TRUE",103,556,2,20,212,277,68,6,1415,"02/07/2014 06:34","02/07/2014 06:20",3
"2014-02-06","FALSE",103,556,2,20,212,277,68,6,1415,"02/07/2014 06:34","02/07/2014 06:20",3
"2014-02-07","FALSE",101,571,25,27,180,322,70,9,1340,"02/08/2014 06:09","02/08/2014 05:45",3
"2014-02-08","FALSE",96,548,68,4,165,343,40,2,1350,"02/09/2014 06:03","02/09/2014 05:55",2
"2014-02-09","TRUE",112,612,13,7,199,348,66,4,1335,"02/10/2014 06:00","02/10/2014 05:40",3
"2014-02-09","FALSE",112,612,13,7,199,348,66,4,1335,"02/10/2014 06:00","02/10/2014 05:40",3
"2014-02-10","FALSE",100,581,13,25,187,349,46,7,1340,"02/11/2014 06:21","02/11/2014 05:40",3
"2014-02-11","FALSE",100,576,19,27,170,345,62,8,1335,"02/12/2014 05:50","02/12/2014 05:25",2
"2014-02-12","FALSE",112,588,17,10,200,309,80,3,1320,"02/13/2014 05:25","02/13/2014 05:10",3
"2014-02-12","TRUE",112,588,17,10,200,309,80,3,1320,"02/13/2014 05:25","02/13/2014 05:10",3
"2014-02-13","FALSE",112,613,1,5,228,334,52,2,1330,"02/14/2014 05:50","02/14/2014 05:35",4
"2014-02-14","FALSE",96,545,2,20,166,330,49,4,1400,"02/15/2014 05:51","02/15/2014 05:45",2
"2014-02-14","TRUE",96,545,2,20,166,330,49,4,1400,"02/15/2014 05:51","02/15/2014 05:45",2
"2014-02-15","FALSE",100,562,2,51,191,314,58,4,1355,"02/16/2014 06:13","02/16/2014 06:00",3
"2014-02-16","FALSE",106,586,16,4,154,365,68,3,1325,"02/17/2014 05:22","02/17/2014 05:15",3
"2014-02-16","TRUE",106,586,16,4,154,365,68,3,1325,"02/17/2014 05:22","02/17/2014 05:15",3
"2014-02-17","FALSE",98,541,23,33,189,293,60,5,1345,"02/18/2014 05:32","02/18/2014 05:15",3
"2014-02-18","FALSE",106,570,13,5,154,343,74,2,1325,"02/19/2014 05:05","02/19/2014 04:55",2
"2014-02-18","TRUE",106,570,13,5,154,343,74,2,1325,"02/19/2014 05:05","02/19/2014 04:55",2
"2014-02-19","FALSE",101,557,1,20,189,305,63,6,1345,"02/20/2014 05:15","02/20/2014 05:00",2
"2014-02-20","TRUE",96,534,1,11,190,298,47,4,1360,"02/21/2014 04:58","02/21/2014 04:45",3
"2014-02-20","FALSE",96,534,1,11,190,298,47,4,1360,"02/21/2014 04:58","02/21/2014 04:45",3
"2014-02-21","FALSE",104,574,26,18,189,316,70,8,1320,"02/22/2014 05:28","02/22/2014 05:20",3
"2014-02-22","TRUE",91,506,11,31,168,281,58,5,1345,"02/23/2014 04:44","02/23/2014 04:40",2
"2014-02-22","FALSE",91,506,11,31,168,281,58,5,1345,"02/23/2014 04:44","02/23/2014 04:40",2
"2014-02-23","FALSE",99,565,12,28,202,313,50,6,1330,"02/24/2014 05:29","02/24/2014 05:25",2
"2014-02-24","TRUE",91,507,11,19,160,287,60,6,1345,"02/25/2014 04:46","02/25/2014 04:25",3
"2014-02-24","FALSE",91,507,11,19,160,287,60,6,1345,"02/25/2014 04:46","02/25/2014 04:25",3
"2014-02-25","FALSE",98,556,7,14,175,329,52,6,1330,"02/26/2014 04:55","02/26/2014 04:50",3
"2014-02-26","TRUE",105,578,16,19,153,344,82,6,1320,"02/27/2014 05:20","02/27/2014 04:55",2
"2014-02-26","FALSE",105,578,16,19,153,344,82,6,1320,"02/27/2014 05:20","02/27/2014 04:55",2
"2014-02-27","FALSE",94,513,18,18,175,279,60,5,1370,"02/28/2014 04:53","02/28/2014 04:30",2
"2014-02-28","FALSE",99,549,25,18,172,310,67,7,1340,"03/01/2014 05:29","03/01/2014 05:10",2
"2014-03-01","FALSE",88,487,21,15,157,276,54,5,1325,"03/02/2014 04:27","03/02/2014 04:00",2
"2014-03-02","FALSE",94,534,1,14,135,344,55,3,1370,"03/03/2014 05:19","03/03/2014 04:50",3
"2014-03-02","TRUE",94,534,1,14,135,344,55,3,1370,"03/03/2014 05:19","03/03/2014 04:50",3
"2014-03-03","FALSE",76,451,9,32,174,247,30,7,1435,"03/04/2014 05:12","03/04/2014 04:45",2
"2014-03-04","TRUE",86,487,3,24,162,282,44,4,1385,"03/05/2014 04:42","03/05/2014 04:35",3
"2014-03-04","FALSE",86,487,3,24,162,282,44,4,1385,"03/05/2014 04:42","03/05/2014 04:35",3
"2014-03-05","FALSE",96,551,7,35,183,308,61,9,1310,"03/06/2014 04:56","03/06/2014 04:45",3
"2014-03-06","FALSE",99,553,2,19,165,330,59,3,1315,"03/07/2014 04:53","03/07/2014 04:30",3
"2014-03-07","FALSE",99,538,27,28,172,294,73,6,1335,"03/08/2014 05:14","03/08/2014 04:55",3
"2014-03-08","TRUE",89,506,1,39,173,277,57,7,1355,"03/09/2014 06:08","03/09/2014 05:25",3
"2014-03-08","FALSE",89,506,1,39,173,277,57,7,1355,"03/09/2014 06:08","03/09/2014 05:25",3
"2014-03-09","FALSE",107,579,30,9,203,314,63,3,1340,"03/10/2014 06:11","03/10/2014 05:50",2
"2014-03-10","TRUE",98,540,17,20,185,292,64,6,1380,"03/11/2014 05:56","03/11/2014 05:35",2
"2014-03-10","FALSE",98,540,17,20,185,292,64,6,1380,"03/11/2014 05:56","03/11/2014 05:35",2
"2014-03-11","FALSE",89,485,1,21,159,262,65,5,1450,"03/12/2014 06:00","03/12/2014 06:05",2
"2014-03-12","FALSE",102,586,51,20,182,354,50,6,1335,"03/13/2014 06:34","03/13/2014 06:10",2
"2014-03-12","TRUE",102,586,51,20,182,354,50,6,1335,"03/13/2014 06:34","03/13/2014 06:10",2
"2014-03-13","FALSE",82,472,1,11,173,271,29,5,1505,"03/14/2014 06:40","03/14/2014 06:10",2
"2014-03-14","FALSE",108,616,15,16,219,345,53,9,1375,"03/15/2014 06:31","03/15/2014 06:25",3
"2014-03-14","TRUE",108,616,15,16,219,345,53,9,1375,"03/15/2014 06:31","03/15/2014 06:25",3
"2014-03-15","FALSE",96,544,12,5,159,335,50,5,1345,"03/16/2014 06:24","03/16/2014 06:05",3
"2014-03-16","FALSE",93,542,1,21,167,335,41,5,1440,"03/17/2014 07:02","03/17/2014 06:40",2
"2014-03-16","TRUE",93,542,1,21,167,335,41,5,1440,"03/17/2014 07:02","03/17/2014 06:40",2
"2014-03-17","FALSE",84,502,90,88,180,275,48,7,1360,"03/18/2014 06:59","03/18/2014 06:20",1
"2014-03-18","FALSE",115,635,2,25,197,360,79,6,1350,"03/19/2014 06:48","03/19/2014 06:25",3
"2014-03-18","TRUE",115,635,2,25,197,360,79,6,1350,"03/19/2014 06:48","03/19/2014 06:25",3
"2014-03-19","FALSE",96,544,29,15,186,304,54,8,1410,"03/20/2014 06:15","03/20/2014 06:00",2
"2014-03-20","FALSE",105,576,6,29,176,320,80,7,1410,"03/21/2014 06:51","03/21/2014 06:30",2
"2014-03-21","FALSE",100,579,1,23,206,329,44,8,1390,"03/22/2014 06:18","03/22/2014 06:00",2
"2014-03-22","FALSE",98,584,1,27,186,352,46,10,1380,"03/23/2014 06:23","03/23/2014 06:05",3
"2014-03-22","TRUE",98,584,1,27,186,352,46,10,1380,"03/23/2014 06:23","03/23/2014 06:05",3
"2014-03-23","TRUE",106,597,10,14,189,349,60,7,1380,"03/24/2014 07:08","03/24/2014 07:05",2
"2014-03-23","FALSE",106,597,10,14,189,349,60,7,1380,"03/24/2014 07:08","03/24/2014 07:05",2
"2014-03-24","FALSE",87,517,2,19,170,312,35,7,1410,"03/25/2014 05:46","03/25/2014 05:10",3
"2014-03-25","FALSE",98,567,1,14,153,366,49,5,1305,"03/26/2014 05:21","03/26/2014 04:50",3
"2014-03-25","TRUE",98,567,1,14,153,366,49,5,1305,"03/26/2014 05:21","03/26/2014 04:50",3
"2014-03-26","FALSE",98,580,2,23,177,363,41,7,1370,"03/27/2014 05:54","03/27/2014 05:40",3
"2014-03-27","FALSE",80,497,14,33,145,319,33,9,1405,"03/28/2014 05:30","03/28/2014 05:35",3
"2014-03-28","TRUE",101,549,1,10,182,306,61,4,1325,"03/29/2014 04:59","03/29/2014 04:50",3
"2014-03-28","FALSE",101,549,1,10,182,306,61,4,1325,"03/29/2014 04:59","03/29/2014 04:50",3
"2014-03-29","FALSE",103,591,1,18,178,356,57,7,1325,"03/30/2014 05:27","03/30/2014 05:25",3
"2014-03-30","FALSE",75,439,1,6,143,271,26,4,1435,"03/31/2014 04:27","03/31/2014 04:15",4
"2014-03-30","TRUE",75,439,1,6,143,271,26,4,1435,"03/31/2014 04:27","03/31/2014 04:15",4
"2014-03-31","TRUE",105,595,1,7,194,356,46,4,1320,"04/01/2014 05:09","04/01/2014 05:00",3
"2014-03-31","FALSE",105,595,1,7,194,356,46,4,1320,"04/01/2014 05:09","04/01/2014 05:00",3
"2014-04-01","FALSE",100,576,1,25,167,346,64,10,1325,"04/02/2014 05:39","04/02/2014 05:25",3
"2014-04-02","FALSE",94,533,2,23,160,325,49,3,1335,"04/03/2014 04:52","04/03/2014 04:15",3
"2014-04-02","TRUE",94,533,2,23,160,325,49,3,1335,"04/03/2014 04:52","04/03/2014 04:15",3
"2014-04-03","FALSE",100,566,1,24,189,322,55,6,1335,"04/04/2014 05:20","04/04/2014 04:50",3
"2014-04-04","TRUE",97,544,1,18,158,332,54,3,1360,"04/05/2014 05:23","04/05/2014 04:50",2
"2014-04-04","FALSE",97,544,1,18,158,332,54,3,1360,"04/05/2014 05:23","04/05/2014 04:50",2
"2014-04-05","FALSE",79,456,2,31,181,254,21,2,1500,"04/06/2014 06:10","04/06/2014 05:35",3
"2014-04-06","TRUE",98,536,7,17,167,302,68,5,1455,"04/07/2014 06:39","04/07/2014 06:15",2
"2014-04-06","FALSE",98,536,7,17,167,302,68,5,1455,"04/07/2014 06:39","04/07/2014 06:15",2
"2014-04-07","FALSE",68,458,2,168,95,309,55,5,1365,"04/08/2014 07:15","04/08/2014 07:10",1
"2014-04-07","TRUE",68,458,2,168,95,309,55,5,1365,"04/08/2014 07:15","04/08/2014 07:10",1
"2014-04-08","FALSE",107,610,1,12,198,356,56,7,1400,"04/09/2014 07:15","04/09/2014 07:05",3
"2014-04-09","TRUE",54,348,48,93,59,244,46,4,1370,"04/10/2014 04:16","04/10/2014 03:45",1
"2014-04-09","FALSE",54,348,48,93,59,244,46,4,1370,"04/10/2014 04:16","04/10/2014 03:45",1
"2014-04-10","TRUE",111,614,2,24,209,338,68,6,1395,"04/11/2014 07:09","04/11/2014 07:00",3
"2014-04-10","FALSE",111,614,2,24,209,338,68,6,1395,"04/11/2014 07:09","04/11/2014 07:00",3
"2014-04-11","FALSE",41,281,1,142,53,188,40,1,1380,"04/12/2014 03:33","04/12/2014 12:45",2
"2014-04-12","FALSE",115,613,1,18,194,334,85,4,1390,"04/13/2014 06:56","04/13/2014 06:35",3
"2014-04-13","FALSE",100,586,2,26,164,369,53,7,1365,"04/14/2014 06:10","04/14/2014 05:50",3
"2014-04-14","FALSE",113,632,5,8,209,366,57,5,1395,"04/15/2014 07:08","04/15/2014 07:10",4
"2014-04-15","FALSE",96,548,10,14,156,335,57,6,1440,"04/16/2014 06:28","04/16/2014 06:25",3
"2014-04-15","TRUE",96,548,10,14,156,335,57,6,1440,"04/16/2014 06:28","04/16/2014 06:25",3
"2014-04-16","FALSE",102,578,2,26,177,353,49,2,1385,"04/17/2014 06:36","04/17/2014 06:40",1
"2014-04-16","TRUE",102,578,2,26,177,353,49,2,1385,"04/17/2014 06:36","04/17/2014 06:40",1
"2014-04-17","FALSE",100,574,13,7,157,365,53,5,1405,"04/18/2014 06:19","04/18/2014 06:15",3
"2014-04-18","FALSE",89,519,2,10,153,321,46,7,1400,"04/19/2014 05:19","04/19/2014 05:15",3
"2014-04-19","TRUE",95,550,5,28,161,337,53,6,1355,"04/20/2014 05:49","04/20/2014 05:20",3
"2014-04-19","FALSE",95,550,5,28,161,337,53,6,1355,"04/20/2014 05:49","04/20/2014 05:20",3
"2014-04-20","FALSE",84,480,1,22,157,287,37,3,1450,"04/21/2014 05:49","04/21/2014 05:30",3
"2014-04-21","FALSE",99,557,4,27,178,322,58,6,1370,"04/22/2014 06:07","04/22/2014 05:35",3
"2014-04-22","FALSE",90,524,30,50,174,295,56,9,1360,"04/23/2014 06:12","04/23/2014 05:05",2
"2014-04-23","FALSE",97,559,1,12,152,361,46,4,1395,"04/24/2014 06:51","04/24/2014 06:50",2
"2014-04-24","FALSE",99,540,5,17,166,304,71,5,1385,"04/25/2014 05:55","04/25/2014 05:20",3
"2014-04-25","FALSE",109,605,6,20,228,317,60,8,1345,"04/26/2014 06:45","04/26/2014 06:50",3
"2014-04-26","TRUE",106,578,6,9,180,331,68,5,1395,"04/27/2014 06:25","04/27/2014 06:30",4
"2014-04-26","FALSE",106,578,6,9,180,331,68,5,1395,"04/27/2014 06:25","04/27/2014 06:30",4
"2014-04-27","TRUE",100,567,1,4,187,341,40,3,1485,"04/28/2014 07:19","04/28/2014 07:15",3
"2014-04-27","FALSE",100,567,1,4,187,341,40,3,1485,"04/28/2014 07:19","04/28/2014 07:15",3
"2014-04-28","FALSE",94,575,1,25,196,351,29,10,1425,"04/29/2014 06:48","04/29/2014 06:35",3
"2014-04-29","FALSE",99,577,1,12,192,351,35,5,1400,"04/30/2014 06:24","04/30/2014 06:10",3
"2014-04-30","FALSE",104,601,2,13,193,365,44,5,1370,"05/01/2014 06:22","05/01/2014 06:10",3
"2014-05-01","FALSE",92,546,25,38,159,332,55,9,1390,"05/02/2014 06:21","05/02/2014 06:20",2
"2014-05-02","FALSE",102,597,19,35,159,380,58,6,1365,"05/03/2014 06:41","05/03/2014 06:25",2
"2014-05-02","TRUE",102,597,19,35,159,380,58,6,1365,"05/03/2014 06:41","05/03/2014 06:25",2
"2014-05-03","TRUE",91,544,1,25,162,338,44,9,1395,"05/04/2014 05:56","05/04/2014 05:45",3
"2014-05-03","FALSE",91,544,1,25,162,338,44,9,1395,"05/04/2014 05:56","05/04/2014 05:45",3
"2014-05-04","FALSE",81,488,25,40,125,312,52,10,1400,"05/05/2014 06:22","05/05/2014 05:45",4
"2014-05-05","TRUE",75,408,49,30,94,244,71,5,1375,"05/06/2014 05:30","05/06/2014 05:25",3
"2014-05-05","FALSE",75,408,49,30,94,244,71,5,1375,"05/06/2014 05:30","05/06/2014 05:25",3
"2014-05-06","FALSE",78,493,2,73,138,313,43,10,1390,"05/07/2014 06:04","05/07/2014 05:10",3
"2014-05-07","FALSE",99,574,14,7,156,376,42,4,1365,"05/08/2014 06:02","05/08/2014 05:55",3
"2014-05-08","FALSE",104,565,21,3,205,307,53,3,1400,"05/09/2014 06:17","05/09/2014 06:10",4
"2014-05-09","FALSE",90,518,31,35,185,278,55,10,1395,"05/10/2014 06:20","05/10/2014 05:45",3
"2014-05-10","TRUE",102,557,40,28,197,289,71,7,1370,"05/11/2014 06:34","05/11/2014 06:00",3
"2014-05-10","FALSE",102,557,40,28,197,289,71,7,1370,"05/11/2014 06:34","05/11/2014 06:00",3
"2014-05-11","FALSE",91,490,18,29,161,250,79,8,1440,"05/12/2014 07:02","05/12/2014 06:45",2
"2014-05-11","TRUE",91,490,18,29,161,250,79,8,1440,"05/12/2014 07:02","05/12/2014 06:45",2
"2014-05-12","FALSE",111,600,32,12,197,324,79,6,1370,"05/13/2014 06:42","05/13/2014 06:30",3
"2014-05-13","FALSE",96,528,37,22,188,273,68,8,1375,"05/14/2014 06:41","05/14/2014 06:45",2
"2014-05-14","TRUE",104,609,27,39,210,336,63,13,1355,"05/15/2014 07:19","05/15/2014 06:50",2
"2014-05-14","FALSE",104,609,27,39,210,336,63,13,1355,"05/15/2014 07:19","05/15/2014 06:50",2
"2014-05-15","FALSE",119,634,35,24,231,315,88,8,1370,"05/16/2014 07:29","05/16/2014 07:05",3
"2014-05-16","FALSE",99,563,25,63,201,297,66,7,1380,"05/17/2014 07:10","05/17/2014 06:25",2
"2014-05-16","TRUE",99,563,25,63,201,297,66,7,1380,"05/17/2014 07:10","05/17/2014 06:25",2
"2014-05-17","FALSE",117,640,33,11,249,320,71,9,1390,"05/18/2014 07:40","05/18/2014 07:30",3
"2014-05-17","TRUE",117,640,33,11,249,320,71,9,1390,"05/18/2014 07:40","05/18/2014 07:30",3
"2014-05-18","FALSE",115,629,30,16,242,327,61,6,1365,"05/19/2014 07:10","05/19/2014 07:05",3
"2014-05-19","FALSE",103,577,21,11,183,336,58,5,1385,"05/20/2014 07:05","05/20/2014 06:35",3
"2014-05-20","FALSE",118,633,17,3,205,352,76,4,1365,"05/21/2014 06:47","05/21/2014 06:40",2
"2014-05-20","TRUE",118,633,17,3,205,352,76,4,1365,"05/21/2014 06:47","05/21/2014 06:40",2
"2014-05-21","FALSE",99,552,37,23,210,277,65,11,1450,"05/22/2014 07:26","05/22/2014 07:30",3
"2014-05-21","TRUE",99,552,37,23,210,277,65,11,1450,"05/22/2014 07:26","05/22/2014 07:30",3
"2014-05-22","FALSE",97,533,42,32,171,288,75,8,1365,"05/23/2014 05:55","05/23/2014 05:35",3
"2014-05-23","FALSE",91,520,23,76,179,280,62,6,1375,"05/24/2014 06:14","05/24/2014 06:15",1
"2014-05-24","FALSE",107,592,26,19,183,341,69,6,1350,"05/25/2014 06:14","05/25/2014 06:05",2
"2014-05-25","FALSE",103,544,18,9,172,298,75,3,1360,"05/26/2014 05:41","05/26/2014 05:45",4
"2014-05-25","TRUE",103,544,18,9,172,298,75,3,1360,"05/26/2014 05:41","05/26/2014 05:45",4
"2014-05-26","FALSE",89,503,23,30,167,273,63,10,1390,"05/27/2014 05:33","05/27/2014 05:30",2
"2014-05-27","FALSE",95,528,14,6,173,304,51,5,1390,"05/28/2014 05:36","05/28/2014 05:10",3
"2014-05-27","TRUE",95,528,14,6,173,304,51,5,1390,"05/28/2014 05:36","05/28/2014 05:10",3
"2014-05-28","FALSE",78,432,18,61,144,221,67,6,1365,"05/29/2014 06:25","05/29/2014 05:25",2
"2014-05-29","FALSE",100,545,14,18,212,270,64,8,1370,"05/30/2014 06:01","05/30/2014 05:45",3
"2014-05-30","FALSE",104,597,38,22,185,361,52,5,1360,"05/31/2014 06:44","05/31/2014 06:20",2
"2014-05-31","FALSE",87,487,33,17,163,274,51,6,1405,"06/01/2014 05:34","06/01/2014 05:15",2
"2014-06-01","FALSE",91,508,16,30,175,263,70,10,1385,"06/02/2014 05:36","06/02/2014 05:10",3
"2014-06-02","FALSE",107,578,12,39,192,307,79,4,1360,"06/03/2014 06:10","06/03/2014 05:25",3
"2014-06-03","FALSE",92,509,19,59,182,260,68,6,1380,"06/04/2014 05:51","06/04/2014 05:10",2
"2014-06-04","FALSE",94,516,17,50,172,268,76,6,1375,"06/05/2014 06:00","06/05/2014 04:45",3
"2014-06-05","FALSE",99,536,20,8,177,292,67,5,1385,"06/06/2014 06:05","06/06/2014 05:40",2
"2014-06-06","FALSE",88,501,27,71,193,254,54,6,1380,"06/07/2014 06:28","06/07/2014 05:55",2
"2014-06-07","FALSE",97,566,10,20,168,339,59,11,1365,"06/08/2014 05:53","06/08/2014 05:25",3
"2014-06-07","TRUE",97,566,10,20,168,339,59,11,1365,"06/08/2014 05:53","06/08/2014 05:25",3
"2014-06-08","FALSE",96,543,42,16,185,304,54,8,1390,"06/09/2014 06:11","06/09/2014 06:15",2
"2014-06-09","TRUE",56,302,37,6,56,198,48,1,1380,"06/10/2014 05:25","06/10/2014 05:25",0
"2014-06-09","FALSE",56,302,37,6,56,198,48,1,1380,"06/10/2014 05:25","06/10/2014 05:25",0
"2014-06-10","FALSE",84,488,40,47,176,263,50,9,1385,"06/11/2014 05:42","06/11/2014 05:00",3
"2014-06-10","TRUE",84,488,40,47,176,263,50,9,1385,"06/11/2014 05:42","06/11/2014 05:00",3
"2014-06-11","FALSE",110,613,17,21,195,350,68,7,1375,"06/12/2014 07:05","06/12/2014 06:50",3
"2014-06-12","FALSE",87,494,35,10,154,287,53,7,1380,"06/13/2014 05:26","06/13/2014 05:10",2
"2014-06-12","TRUE",87,494,35,10,154,287,53,7,1380,"06/13/2014 05:26","06/13/2014 05:10",2
"2014-06-13","FALSE",112,612,16,18,225,317,70,8,1385,"06/14/2014 06:59","06/14/2014 06:45",3
"2014-06-14","FALSE",108,594,33,25,170,346,79,6,1380,"06/15/2014 07:10","06/15/2014 07:00",3
"2014-06-15","FALSE",94,570,16,54,186,339,46,10,1405,"06/16/2014 07:07","06/16/2014 07:10",2
"2014-06-15","TRUE",94,570,16,54,186,339,46,10,1405,"06/16/2014 07:07","06/16/2014 07:10",2
"2014-06-16","FALSE",86,507,42,49,175,288,45,7,1420,"06/17/2014 06:50","06/17/2014 05:50",2
"2014-06-17","FALSE",102,564,17,19,175,316,74,8,1365,"06/18/2014 06:37","06/18/2014 06:25",2
"2014-06-17","TRUE",102,564,17,19,175,316,74,8,1365,"06/18/2014 06:37","06/18/2014 06:25",2
"2014-06-18","FALSE",96,549,25,15,146,347,56,5,1380,"06/19/2014 06:17","06/19/2014 06:05",2
"2014-06-19","FALSE",103,586,24,26,202,327,58,9,1375,"06/20/2014 06:39","06/20/2014 06:20",3
"2014-06-20","FALSE",92,525,21,34,177,289,59,8,1370,"06/21/2014 06:17","06/21/2014 06:05",3
"2014-06-21","FALSE",103,570,16,24,193,315,63,5,1375,"06/22/2014 06:21","06/22/2014 06:25",2
"2014-06-22","FALSE",107,611,16,26,182,351,78,13,1380,"06/23/2014 06:57","06/23/2014 07:00",3
"2014-06-22","TRUE",107,611,16,26,182,351,78,13,1380,"06/23/2014 06:57","06/23/2014 07:00",3
"2014-06-23","FALSE",87,488,26,11,129,295,65,7,1360,"06/24/2014 05:52","06/24/2014 05:40",3
"2014-06-24","FALSE",60,329,29,7,128,163,38,5,1395,"06/25/2014 06:14","06/25/2014 06:05",0
"2014-06-25","FALSE",98,547,15,14,175,307,65,8,1395,"06/26/2014 06:21","06/26/2014 06:05",3
"2014-06-26","FALSE",97,525,15,11,146,303,76,5,1385,"06/27/2014 06:46","06/27/2014 06:35",3
"2014-06-27","FALSE","NA","NA","NA","NA","NA","NA","NA","NA","NA","NA","NA","NA"
"2014-06-28","FALSE",24,147,5,10,68,75,5,3,1160,"06/28/2014 07:22","06/28/2014 07:00",0
