"Date","Lithium","MP","Mnemosyne.grade","Gwern.net.patches","Time.WWW","Time.X","Time.IRC","Time.Writing","Time.Stats","Time.PDF","Time.Music","Time.Rec","Time.SRS","Time.Sysadmin","Time.DNB","Time.Bitcoin","Time.Blackmarkets","Time.Programming","Time.Backups","Time.Umineko","Time.Typing","ZQ","Total.Z","Time.to.Z","Time.in.Wake","Time.in.REM","Time.in.Light","Time.in.Deep","Awakenings","Start.of.Night","Morning.Feel","MR3","MR2","MR4"
2012-05-11,1,4,0,0,3580,2060,1840,950,950,650,300,180,70,10,10,10,0,0,0,0,0,NA,NA,NA,NA,NA,NA,NA,NA,NA,NA,-2.94631059779328,-1.0600107299936,-0.797862760137485
2012-05-12,1,4,3.56756756756757,8,18750,9610,6310,4760,3980,1750,2520,210,170,1090,40,0,20,10,0,0,0,54,313,2,31,133,156,24,4,1020,2,-0.3285897204472,-0.539266191060235,0.439720738019535
2012-05-13,1,3,3.86538461538462,4,17780,8730,3270,970,3870,2180,4470,380,230,330,0,0,50,40,0,0,0,103,558,29,16,184,300,74,6,810,3,-0.484217263389634,-0.433573441090573,-0.703604019810906
2012-05-14,1,3,0,9,15080,8340,3860,4770,6290,8190,2730,320,0,310,20,170,100,0,0,0,0,92,541,16,46,177,296,69,15,805,3,-0.805183830960697,1.12388098364764,0.0782345154438294
2012-05-15,1,2,3.68674698795181,3,15110,8500,3310,1990,5790,2890,6310,270,440,400,20,0,40,0,280,0,0,103,555,19,6,163,312,80,6,800,4,-0.907603178773827,-0.272139221885897,-0.699489960787478
2012-05-16,1,4,3.96774193548387,0,17950,8710,3510,1410,4110,1240,2680,390,110,290,0,10,10,90,10,0,0,99,561,27,29,201,297,64,11,815,4,-0.478102823444406,-0.682347442434048,-0.585845312873648
2012-05-17,1,4,4,12,18470,7770,3490,12080,4130,250,1830,160,190,780,0,0,120,30,10,0,0,NA,NA,NA,NA,NA,NA,NA,NA,NA,NA,-0.450018466512589,-0.951550478156635,1.79534851637821
2012-05-18,1,4,3.68085106382979,3,20510,11920,6060,17930,3900,20,3770,880,350,280,1120,60,40,0,0,0,0,101,553,26,12,174,309,71,6,835,2,-0.0787328940721286,-0.955393533259348,2.62549258699877
2012-05-19,1,3,3.46153846153846,9,16880,8650,4940,6400,4320,1100,3610,150,180,130,510,0,0,0,0,0,0,81,454,20,41,147,247,60,6,865,2,-0.675069077034198,-0.739992440992272,0.509907455414129
2012-05-20,0,3,3.67948717948718,6,14760,9460,6170,8010,3900,3710,2000,480,380,280,30,0,30,0,10,0,0,103,553,16,9,174,309,71,4,1435,3,-0.953950811261337,-0.0600214156793686,0.662631621482748
2012-05-21,0,3,0,6,21680,12500,4980,6320,6470,2980,1370,60,30,2910,10,80,250,0,0,0,0,88,500,24,40,155,285,60,6,800,3,0.221105076740963,-0.156108394784546,0.527867051797975
2012-05-22,0,3,3.6875,8,17730,10490,3750,5230,5700,880,2430,1410,190,1550,20,0,20,0,0,0,0,90,511,22,10,145,313,53,5,810,2,-0.489375865847294,-0.74576653869851,0.250860661142432
2012-05-23,0,2,3.77333333333333,9,12180,7090,4600,2670,4680,1670,2470,120,290,190,10,0,110,0,0,0,0,73,396,31,8,88,244,65,4,1430,2,-1.44222610220272,-0.648020529125262,-0.405681744253674
2012-05-24,0,3,3.8125,0,4000,1630,1770,70,970,20,4500,80,150,40,0,0,0,20,0,0,0,118,650,11,19,233,347,70,7,1370,4,-2.88614613079166,-1.2227384793083,-1.09720530921386
2012-05-25,0,4,3.6,2,5840,2710,0,150,1250,900,40,30,40,960,0,0,50,0,0,0,0,83,485,26,34,138,288,60,10,1430,3,-2.56162981229138,-0.964403885890436,-0.824392328924808
2012-05-26,0,3,3.83333333333333,5,14870,7480,0,7620,3500,1630,180,110,130,580,0,0,0,0,0,0,0,NA,NA,NA,NA,NA,NA,NA,NA,NA,NA,-1.02172463048645,-0.627153416176682,0.392624892551637
2012-05-27,0,2,3.80281690140845,2,11910,7840,0,1300,4110,2740,90,260,290,200,0,0,80,70,0,0,0,95,543,12,14,168,317,59,10,1385,3,-1.46785474351703,-0.357745434206672,-1.03579447624999
2012-05-28,NA,2,0,2,3310,4940,0,2200,940,3610,190,20,0,240,0,0,0,0,0,0,0,98,539,30,12,207,275,57,8,1375,3,-2.91366744559735,-0.259626077678587,-0.955638485050513
2012-05-29,1,4,4,7,22080,9670,5780,5220,5810,1680,1510,780,20,1020,0,0,120,30,0,0,0,87,486,27,13,171,265,50,6,810,2,0.234143480867035,-0.505235228882327,0.434999514050324
2012-05-30,1,3,3.59322033898305,4,24350,12470,5020,7480,5740,770,5840,700,280,590,0,0,20,10,0,10,0,88,505,22,25,162,281,63,12,810,3,0.610329046466691,-0.696336797336815,0.514830289590725
2012-05-31,1,3,3.64754098360656,5,27430,15070,4300,5990,9750,4170,610,2620,410,170,0,0,400,0,0,10,0,92,524,24,17,139,320,65,9,1435,2,1.25097184832101,0.299539734523199,0.155694503510729
2012-06-01,1,2,3.55555555555556,19,20970,11340,4830,7620,3490,1740,1440,1010,130,240,0,0,0,20,0,0,0,76,427,31,10,115,269,43,2,1435,2,0.0395419630767428,-0.490588428980037,0.811069365683071
2012-06-02,1,2,3.85714285714286,6,14280,11800,2640,2350,9800,5910,2080,850,130,390,0,0,20,0,30,0,0,101,552,15,24,163,309,81,7,815,3,-0.941144193408163,0.557945755260639,-0.690364042866723
2012-06-03,1,2,3.67647058823529,5,20310,9610,3800,750,4610,2900,840,1060,130,410,0,0,150,0,0,0,0,84,486,20,32,137,288,62,9,805,2,-0.0306416751407139,-0.195935409804473,-0.94195047635465
2012-06-04,1,2,3.70212765957447,3,22890,16800,6350,1850,5230,3150,170,1850,120,1160,0,10,90,10,0,0,0,100,547,17,16,189,292,67,7,815,3,0.481328351312081,-0.03755488616986,-0.752612207787635
2012-06-05,0,3,3.66666666666667,2,22210,10230,4900,1770,5540,350,380,1590,170,680,10,0,80,0,0,0,0,97,567,24,26,173,337,57,10,1425,2,0.248230583914482,-0.83471070944667,-0.628151584846454
2012-06-06,0,4,3.76315789473684,5,21090,13670,3990,1910,3890,3430,470,540,180,520,0,0,10,0,140,0,0,95,547,23,28,173,321,54,8,815,3,0.123008308483422,-0.032506734420722,-0.325093953555258
2012-06-07,0,2,3.84,3,14090,9610,4530,4710,3160,3440,640,130,150,360,0,0,660,0,90,0,0,98,550,22,20,159,321,70,8,1415,2,-1.07363650276267,-0.145868081298515,-0.289435492014703
2012-06-08,0,4,0,3,27410,9920,5310,1970,7130,750,640,1320,60,280,0,0,200,0,20,0,0,84,461,20,24,164,237,60,6,845,3,1.11452484927207,-0.674610756258879,-0.366471175473586
2012-06-09,0,4,3.73,8,22330,10570,4770,3860,4510,2560,640,580,410,130,10,60,100,0,0,0,0,95,506,26,12,151,281,75,5,1430,2,0.288018196328031,-0.267522921528365,0.164159220485859
2012-06-10,0,3,3.82051282051282,13,20200,10670,5650,5060,3180,1630,760,350,150,50,0,0,190,340,0,0,0,81,470,21,50,142,270,58,7,845,3,-0.10028949081351,-0.547958302129178,0.472326514773037
2012-06-11,0,3,3.15686274509804,1,20570,13320,5950,540,5260,4170,1090,540,200,850,0,0,130,0,0,0,0,91,510,23,24,167,284,59,7,835,2,0.0738304729184546,0.159354969697019,-0.836615793126229
2012-06-12,1,3,3.82051282051282,3,22140,6860,4890,1590,6240,2020,320,540,180,450,0,0,50,0,30,0,0,90,519,23,31,170,291,59,11,825,3,0.231823644181452,-0.433683731910658,-0.588603755560223
2012-06-13,1,2,3.77551020408163,4,20410,17680,0,1880,4860,9870,1120,910,140,720,10,0,20,10,0,0,0,87,474,27,13,151,254,69,8,855,3,0.184982689381143,1.70723432053764,-0.915725192546363
2012-06-14,1,4,0,45,13870,4860,3670,7330,3770,550,640,420,70,190,0,90,10,0,130,0,0,85,484,16,15,145,284,55,8,845,3,-1.24656179737323,-0.94816195123654,2.10907576255144
2012-06-15,1,2,3.33333333333333,4,25300,7120,5510,4370,3440,1390,1810,2190,140,250,0,0,20,0,0,0,0,84,486,28,23,145,292,50,8,835,2,0.758382584249911,-0.539487985232162,-0.294418744698416
2012-06-16,1,2,4,3,13370,7270,2310,600,3460,1220,800,620,120,380,0,0,0,0,0,10,0,NA,NA,NA,NA,NA,NA,NA,NA,NA,NA,-1.25042050982889,-0.745067415645943,-1.08749709637919
2012-06-17,1,2,4,1,6820,2820,1520,470,2090,1040,510,50,130,340,10,0,30,0,0,0,0,98,528,26,17,199,262,67,7,800,3,-2.38820328920969,-0.911029431436215,-1.18959348416361
2012-06-18,1,2,3.56701030927835,2,19340,8500,5500,2450,3590,2870,3370,60,270,320,10,0,30,10,0,0,0,85,468,19,28,150,258,61,5,840,3,-0.212609618317394,-0.241973399090738,-0.64492252555268
2012-06-19,0,2,3.575,4,23970,9800,6520,3250,4440,900,3290,360,340,930,10,0,0,20,0,0,1470,84,466,21,26,180,227,60,10,850,2,0.529453073486792,-0.690941606135247,-0.357799563683849
2012-06-20,0,3,3.8030303030303,6,22680,14410,5350,2530,5440,2620,2690,570,350,350,0,0,20,80,0,0,1240,111,597,10,9,207,317,73,6,815,3,0.383919309785793,-0.213755301993933,-0.323695814725738
2012-06-21,0,3,3.85,0,11980,13640,4520,690,11660,8020,1000,400,140,190,0,0,80,0,0,0,1260,91,512,26,22,177,283,53,6,835,1,-1.25762733362903,1.10085897734466,-1.02869770914771
2012-06-22,0,4,3.76923076923077,11,16560,14560,6820,6510,9100,5680,620,380,250,670,0,0,140,0,0,0,1350,NA,NA,NA,NA,NA,NA,NA,NA,NA,NA,-0.561876167602622,0.528484237341375,0.744015207301301
2012-06-23,0,2,3.58974358974359,7,13940,6460,4530,1350,4620,1950,670,350,250,340,30,180,10,0,0,0,0,81,472,16,35,116,296,60,8,805,2,-1.14033856346702,-0.555806337194827,-0.726232874317954
2012-06-24,0,1,0,0,6700,3390,1400,250,1640,220,240,160,10,20,0,0,20,0,0,0,0,97,542,23,19,212,279,51,7,805,3,-2.42292303842897,-1.12408252389973,-1.52013803143574
2012-06-25,0,3,3.74725274725275,3,21080,14340,2710,1640,4830,3530,900,670,260,250,0,50,240,0,0,0,0,107,569,15,14,205,294,71,4,815,3,0.135959888896267,0.00637981114341836,-0.713055684653141
2012-06-26,1,3,4,1,18070,14010,5950,1370,4720,3540,1080,5560,0,200,10,0,10,20,10,0,0,91,539,26,29,184,302,54,13,820,3,-0.280059836126315,0.0555277299032327,-0.936841128287756
2012-06-27,1,2,3.78461538461538,1,17080,10310,6510,1500,4900,3370,690,1640,190,240,0,130,0,10,0,0,0,84,497,14,27,139,313,46,8,1415,3,-0.530473635423286,-0.0945425688768334,-0.939971833003595
2012-06-28,1,3,3.73529411764706,1,11020,5590,6770,940,2790,1930,210,70,170,190,0,0,50,0,0,0,20,84,477,24,25,163,265,50,7,850,2,-1.63650369618025,-0.611808212322708,-0.782624700107056
2012-06-29,1,3,3.83333333333333,3,19360,13250,6040,3550,5110,4400,750,410,120,1100,0,10,0,10,0,0,1180,85,520,40,31,160,318,43,12,1420,2,-0.135021269040287,0.20516648130099,-0.245380327933134
2012-06-30,1,4,3.74193548387097,4,13760,12990,6300,10350,3110,5810,360,840,100,770,0,0,0,0,0,0,0,68,420,17,50,138,238,45,12,870,3,-1.04887890238499,0.509650941032794,1.14172873597686
2012-07-01,1,2,0,5,9100,4550,2060,6780,1250,530,40,130,150,280,0,0,10,10,0,0,0,93,520,12,18,179,291,51,6,880,3,-2.02481091778961,-1.01044311886031,0.0816394302234485
2012-07-02,1,3,3.66666666666667,3,25720,13110,4680,3360,6570,3460,640,1870,500,1090,10,0,100,20,0,0,0,88,522,34,56,151,306,66,11,825,1,0.928040782895912,0.0580078976757555,-0.239439149974682
2012-07-03,0,2,0,2,7230,25880,4130,280,3800,23830,610,130,10,80,0,0,0,30,0,0,0,104,575,22,23,184,322,70,6,870,3,-1.64042337638039,5.28719839335904,-1.35679321691626
2012-07-04,0,3,0,1,6900,24620,2520,700,2540,21600,100,260,20,0,0,0,90,0,0,0,0,88,525,32,34,157,317,51,11,825,2,-1.76238670521759,4.68382452371055,-1.17982108945556
2012-07-05,0,3,3.7962962962963,8,21300,8330,5060,3880,5010,1240,580,280,650,140,10,20,720,0,50,0,830,88,524,25,41,175,292,57,13,875,3,0.0710533538450993,-0.644279842856991,0.0367491155043895
2012-07-06,0,2,3.6875,8,24250,15880,4230,1720,3930,6850,780,480,480,160,0,0,880,10,0,0,0,97,542,28,6,148,334,60,4,820,3,0.743837501272633,0.925954943643948,-0.623712971494616
2012-07-07,0,4,3.83720930232558,9,15790,13680,5220,4610,5360,6290,1450,880,160,420,0,0,260,40,0,0,1250,95,551,28,24,194,299,58,12,835,4,-0.687889316153109,0.675560730256449,0.262679580666813
2012-07-08,0,4,3.75,12,16640,11600,4970,5400,3160,4750,1530,840,180,90,0,20,10,0,10,0,1010,64,368,57,13,99,222,48,7,825,1,-0.610592385221844,0.256508802254344,0.492540753992653
2012-07-09,NA,1,3.83333333333333,0,10580,15640,4180,300,2400,11220,270,520,150,30,10,80,90,0,0,100,0,86,466,23,7,94,301,72,3,1410,3,-1.43008738232766,1.92225641584319,-1.51798428491737
2012-07-10,NA,1,4,0,4830,19550,0,150,1560,18340,250,80,10,0,0,0,0,0,0,0,0,NA,NA,NA,NA,NA,NA,NA,NA,NA,NA,-2.22392562526363,3.76147434614591,-1.73511881868408
2012-07-11,NA,2,0,0,1610,840,120,70,690,0,0,30,20,0,0,0,0,0,0,0,0,89,505,19,30,142,290,74,11,820,4,-3.30132282074212,-1.26281766530224,-1.39404740487941
2012-07-12,NA,4,3.66666666666667,1,20620,12820,2800,590,9060,6130,980,710,130,110,0,0,100,50,0,10,0,76,461,61,98,150,255,56,8,1365,1,0.119753744523962,0.689082630568996,-0.78449399407353
2012-07-13,1,4,3.83333333333333,4,22060,12780,1720,3200,4110,8700,700,910,120,160,10,0,20,0,0,0,150,95,525,30,17,172,292,61,5,1405,4,0.389728546279409,1.37701987414876,-0.264598369196128
2012-07-14,1,4,3.63316582914573,7,26530,9430,2910,1770,5990,1670,700,380,610,300,0,0,50,0,0,0,0,96,523,21,10,171,285,67,6,1405,3,0.958926498521443,-0.459024831353903,-0.20788026984308
2012-07-15,1,3,3.80952380952381,5,26640,14890,3280,1870,6150,4410,1350,160,260,1580,10,0,30,10,0,0,0,88,490,25,14,168,264,58,8,1415,4,1.08608552139936,0.300647284235688,-0.417249122173521
2012-07-16,1,4,0,3,31770,21350,4130,2070,9060,2450,370,60,30,980,0,0,170,0,0,0,0,98,535,20,10,204,267,65,9,1375,3,1.94581745442581,-0.112845362876975,-0.353777153575408
2012-07-17,1,3,3.6969696969697,0,28360,17280,2250,1980,7490,560,330,320,150,430,0,990,500,10,0,0,0,99,542,19,9,153,317,72,6,1400,3,1.32196493125126,-0.681007261376632,-0.830454047355698
2012-07-18,1,3,4,1,27850,15680,5700,1620,11180,2270,280,350,30,220,10,730,280,0,0,0,0,99,527,19,13,181,275,71,5,1405,2,1.27891458183637,-0.237588687966854,-0.776645790880457
2012-07-19,1,4,3.47058823529412,3,27210,21130,3080,1820,9530,5570,360,2500,210,460,0,0,230,0,0,0,0,86,490,16,24,168,264,59,10,805,3,1.29122055241001,0.706025356554162,-0.543865489261008
2012-07-20,1,3,0,9,23010,21300,5210,2960,5360,9250,660,540,30,1040,0,60,10,0,0,0,0,109,604,19,13,219,324,62,7,1410,2,0.636014215584529,1.58472134959269,-0.203090179944797
2012-07-21,0,2,3.14285714285714,6,23280,14460,3180,2870,5380,2010,1110,1350,120,370,0,0,150,0,0,0,0,29,146,32,0,20,94,33,0,1420,NA,0.478372644868152,-0.356721013257123,-0.579707277736921
2012-07-22,0,3,3.79545454545455,2,19230,11870,3070,1940,5210,3220,8220,600,490,300,0,0,10,0,0,0,0,93,556,22,35,174,324,58,13,1430,3,-0.184471095717357,-0.108606034450185,-0.596502233537423
2012-07-23,0,4,3.02222222222222,16,22930,11900,2940,2310,4920,2590,1120,510,420,870,70,0,50,10,10,0,0,96,513,23,10,175,271,68,4,1400,4,0.393769015409393,-0.243203053673737,0.22440686498309
2012-07-24,0,4,3.91666666666667,5,22640,16650,4780,3410,5420,7600,820,480,200,390,0,40,370,0,0,0,0,97,546,17,17,166,320,61,7,1400,2,0.500935370431012,1.11154736333623,-0.0816277025743781
2012-07-25,0,4,3.96551724137931,3,23830,17210,4510,7390,8460,3870,2430,930,100,360,0,0,190,1060,0,0,0,100,578,22,30,185,328,65,12,1410,4,0.622845307986195,0.154543933772472,0.907028760230015
2012-07-26,0,3,3.92682926829268,4,17950,18890,2550,2170,5820,10990,990,1300,280,410,0,0,100,240,0,0,0,88,508,22,31,150,299,59,9,1420,3,-0.177405506359939,1.98986785871717,-0.558939260711633
2012-07-27,0,2,3.79166666666667,5,24040,18130,4770,3720,6890,6780,2800,1630,470,240,10,0,60,340,30,0,0,95,525,20,14,162,300,63,6,1390,3,0.748962637690273,0.949083566596547,-0.288201964481735
2012-07-28,0,3,3.85714285714286,8,25110,17480,4570,5700,5470,8520,5290,2340,150,720,0,0,160,260,0,0,0,91,525,18,31,164,297,65,11,1420,3,0.965204026753736,1.42432826981882,0.322326700151559
2012-07-29,0,3,3.61290322580645,2,20860,16670,5810,2290,4450,5990,2620,1930,170,570,0,10,10,130,0,0,0,88,492,21,17,161,267,65,10,1415,4,0.199530746396888,0.690180446916932,-0.539384653397444
2012-07-30,0,2,3.65909090909091,3,24840,16110,5170,2800,6210,6070,2770,2460,350,620,0,10,550,100,0,0,0,NA,NA,NA,NA,NA,NA,NA,NA,NA,NA,0.87356953013055,0.769066229826689,-0.591875952338761
2012-07-31,0,3,3.725,1,18580,8060,4960,6900,5340,7010,1270,1170,180,810,0,30,150,80,0,0,0,106,567,16,16,202,283,83,8,1415,4,-0.237416737474785,0.863391233194303,0.282236747767471
2012-08-01,0,3,3,1,26436,14367,4499,4160,9822,4253,1975,1989,122,794,0,0,56,35,21,0,0,45,310,76,191,114,157,40,4,1410,1,1.08313359233508,0.29397020035657,-0.261468056585447
2012-08-02,0,3,3.76543209876543,11,25172,9107,7434,9135,8106,2016,2933,343,413,1106,7,0,7,476,77,0,0,101,535,14,13,208,258,69,6,805,3,0.74652783919415,-0.38661620396463,1.3997922615166
2012-08-03,0,2,4,2,27069,14973,4879,2142,6244,4837,4935,1071,21,714,7,84,98,56,0,0,0,86,454,20,16,163,220,71,6,805,2,1.18889941840761,0.435492324186562,-0.747115901320151
2012-08-04,1,2,3.65277777777778,4,21938,14973,4067,2562,5691,3717,3129,1386,427,406,14,0,1344,133,21,0,0,96,557,25,14,174,332,52,10,1425,3,0.311888170681553,0.0850873958639787,-0.577003199604483
2012-08-05,1,2,3.74193548387097,0,15288,9282,3185,602,3801,371,448,385,175,476,7,21,231,42,14,0,0,107,587,13,15,188,326,73,7,1435,3,-0.932495328557156,-0.938063415511973,-1.14052042742709
2012-08-06,1,2,3.78571428571429,1,18515,7441,2506,532,5019,301,6475,490,287,371,7,0,469,7,0,0,0,100,565,20,22,179,328,59,6,1415,3,-0.399677284177286,-0.923236749268143,-1.08116986025632
2012-08-07,1,2,3.93103448275862,1,14504,9436,1694,2520,3423,4851,5187,651,161,511,0,91,434,35,238,0,0,85,490,27,21,166,269,55,11,865,2,-0.963152499775408,0.245684855720279,-0.787001577996061
2012-08-08,1,3,3.93103448275862,2,8946,2919,735,980,2142,434,861,518,154,266,7,14,329,14,14,0,0,94,531,17,20,161,318,53,5,1425,3,-2.04455919531376,-1.03880210348749,-0.8867388844479
2012-08-09,1,4,3.83333333333333,5,NA,NA,NA,NA,NA,NA,NA,NA,NA,NA,NA,NA,NA,NA,NA,NA,NA,100,563,31,29,195,304,64,9,810,4,NA,NA,NA
2012-08-10,1,3,3.83333333333333,4,NA,NA,NA,NA,NA,NA,NA,NA,NA,NA,NA,NA,NA,NA,NA,NA,NA,90,506,25,13,150,297,60,7,835,3,NA,NA,NA
2012-08-11,0,4,3.86046511627907,0,NA,NA,NA,NA,NA,NA,NA,NA,NA,NA,NA,NA,NA,NA,NA,NA,NA,95,539,34,17,179,307,53,7,1425,3,NA,NA,NA
2012-08-12,0,2,3.78378378378378,1,NA,NA,NA,NA,NA,NA,NA,NA,NA,NA,NA,NA,NA,NA,NA,NA,NA,102,570,15,26,199,315,57,6,1425,2,NA,NA,NA
2012-08-13,0,4,3.83333333333333,6,11284,7532,693,2478,3542,3633,609,665,189,217,945,0,7,161,42,0,0,98,544,25,19,195,283,67,9,810,3,-1.56296818703301,-0.135842309131167,-0.143147960520407
2012-08-14,0,3,3.80434782608696,1,19824,14567,6951,1960,5831,6307,742,126,161,1176,847,42,966,91,147,0,0,89,493,45,17,151,286,56,4,805,3,-0.000177841013237663,0.709777157986581,-0.386744607252725
2012-08-15,0,3,3.90243902439024,1,28133,14063,7280,1190,8736,2695,1799,553,238,700,875,0,217,63,14,0,0,91,514,30,7,163,302,49,5,820,3,1.31052083311158,-0.137436225280908,-0.526811810252212
2012-08-16,0,2,3.91891891891892,1,13937,21581,6734,721,19250,2660,1715,1659,147,161,763,14,140,28,0,0,0,98,570,32,34,212,302,56,12,820,4,-0.939351783476682,-0.208419975339745,-1.06340486772473
2012-08-17,0,2,3.96774193548387,0,12264,5040,3878,350,19194,420,1603,868,133,777,854,0,280,0,77,0,0,102,573,12,18,170,326,77,11,830,2,-1.40321349603107,-0.946893203661274,-1.04111435456457
2012-08-18,1,2,3.90243902439024,1,18928,20272,4480,798,19453,1463,504,560,245,749,511,28,581,42,0,0,0,87,484,51,28,146,265,73,10,810,2,-0.164212069123112,-0.493246198736647,-1.00555382156922
2012-08-19,1,3,3.33333333333333,4,22288,14588,7021,2394,11844,3535,476,994,91,1057,7,1029,14,161,0,0,0,94,549,17,48,197,293,60,12,810,2,0.39866542194488,0.0362578535716818,-0.415301138176293
2012-08-20,1,3,3.88157894736842,1,18130,7133,6706,602,16254,448,1694,861,266,70,7,14,0,35,0,0,0,100,541,30,13,173,296,72,5,1435,3,-0.417621182892879,-0.862309842657671,-0.821018292973886
2012-08-21,1,3,3.5,2,13034,13097,4438,329,9877,7623,1134,630,21,1057,7,42,273,56,77,0,0,94,532,31,19,146,317,69,9,805,3,-1.08915499088011,0.998297780556313,-0.901775317418389
2012-08-22,1,3,3.77272727272727,0,21539,18235,4375,1379,7252,10542,3304,959,392,833,63,14,315,91,196,0,0,96,568,38,33,213,302,54,15,805,3,0.419177065472895,1.90556434047364,-0.72548743715167
2012-08-23,1,4,3.66666666666667,2,19880,13097,6090,2842,5978,3948,2408,714,203,322,14,7,700,336,0,0,0,101,569,33,21,208,305,56,9,1435,4,-0.0500009922160543,0.0931538013489274,-0.114696544998214
2012-08-24,1,3,3.95652173913043,5,18431,19544,6188,3024,4256,10689,3920,686,497,350,595,49,0,84,0,0,0,101,540,43,9,211,265,65,6,830,4,-0.103293403644395,1.90094735679039,-0.200856418964757
2012-08-25,1,3,3.88571428571429,4,9436,26229,8043,1463,2191,21378,4599,1722,287,224,301,0,7,126,0,0,0,89,499,39,17,179,265,56,8,820,1,-1.29380997327213,4.68632636897073,-0.659909652896931
2012-08-26,1,3,3.78787878787879,2,12803,23723,5327,532,2730,17598,1897,1743,203,623,0,0,0,294,0,0,0,98,565,17,29,223,281,61,16,1435,3,-0.839959238521809,3.71118708089067,-0.900169453955565
2012-08-27,1,4,3.86486486486486,1,16520,10801,6153,2905,5614,5516,511,469,238,1463,224,98,112,119,0,0,0,97,565,40,9,171,349,45,7,1435,3,-0.588728971091611,0.447569364952718,-0.100381991508691
2012-08-28,1,3,3.9,5,21490,14154,5880,2058,11354,2086,1162,1127,315,602,1449,28,987,140,0,0,0,98,538,45,22,190,285,64,7,820,3,0.203720472132927,-0.361650539151673,-0.208334423237988
2012-08-29,1,3,3.89285714285714,7,24262,14322,7623,7266,5852,1253,1694,1197,231,301,0,70,273,161,0,0,0,88,507,27,20,175,290,42,6,825,4,0.627343256955012,-0.553975822958653,0.626711331776274
2012-08-30,1,3,3.65789473684211,7,22848,10318,7035,3353,6258,1337,3654,1624,560,196,0,7,560,168,0,0,0,93,531,32,26,161,315,56,6,805,3,0.383048864556143,-0.56301852666692,-0.0085695669900915
2012-08-31,1,2,0,1,19544,10269,6755,1526,3458,2562,707,1568,98,406,707,28,259,231,0,0,0,87,504,23,35,148,302,55,8,830,4,-0.151434209166249,-0.291851302049812,-0.735046445486834
2012-09-01,0,4,3.97435897435897,3,18298,11032,7028,5572,3346,3633,1841,1400,413,1183,875,0,133,1813,161,0,0,93,515,31,25,192,265,59,7,800,3,-0.351154330935382,-0.0284405084953752,1.17521332320758
2012-09-02,0,2,3.796875,31,21357,10591,7889,1869,6209,3073,1400,854,336,175,42,70,917,469,0,0,0,101,568,30,30,172,317,80,11,820,3,0.147862537143994,-0.140717735981902,0.534490671194149
2012-09-03,0,3,3.83333333333333,0,22099,9527,8624,6034,8029,4389,1330,357,175,357,840,7,2891,812,0,0,0,92,536,23,32,186,295,56,12,800,1,0.306830682808003,0.197565414016875,0.576764517549933
2012-09-04,0,3,3.85714285714286,3,22169,10493,10073,4326,6895,3045,1673,371,308,168,7,21,315,469,0,0,14,64,408,26,53,110,259,39,11,845,1,0.294346803108171,-0.143730895264138,0.18018404368463
2012-09-05,NA,4,3.81081081081081,5,21847,10990,11788,5817,5278,3808,2058,217,350,259,77,21,1274,308,0,0,0,92,479,18,10,167,235,77,5,830,2,0.259402348708792,0.047303526099735,0.733063524702136
2012-09-06,NA,4,3.93023255813953,3,17570,10472,7525,1575,15974,2373,1715,245,378,203,651,0,581,84,35,0,0,95,529,28,20,186,285,58,7,835,3,-0.457999262107426,-0.35487383343941,-0.233687676221442
2012-09-07,NA,3,3.82857142857143,6,26719,12852,7497,4137,8120,2660,931,882,336,903,924,0,63,182,0,0,0,73,393,29,6,118,216,59,6,820,2,1.05973122166718,-0.168541799238854,0.254083661783429
2012-09-08,NA,3,3.80952380952381,3,24766,12530,10612,2394,5467,5075,567,1652,455,1561,140,0,161,49,0,0,0,92,518,21,11,147,311,60,6,820,3,0.816025408947673,0.457271457961488,-0.182451337125075
2012-09-09,NA,3,3.88235294117647,1,22498,10087,11669,4228,5180,1358,574,182,231,770,91,0,462,14,0,0,0,92,500,32,27,171,259,70,7,850,3,0.312473593773939,-0.598213034145508,0.0313183468986515
2012-09-10,NA,4,3.8974358974359,2,22099,12075,11935,3584,4704,1897,217,224,280,2772,518,0,0,112,0,0,0,94,517,20,17,155,298,64,5,810,4,0.280382600256823,-0.451120727910426,0.409496892320563
2012-09-11,NA,3,3.79487179487179,4,19964,11921,6594,6419,3990,3178,6167,1008,196,2401,693,42,280,77,14,0,0,NA,NA,NA,NA,NA,NA,NA,NA,NA,NA,-0.0526281691459064,-0.11932689565136,0.602161104171684
2012-09-12,NA,3,3.88888888888889,0,15967,10619,9961,1834,4291,511,6153,1260,280,315,693,0,490,42,2037,0,0,96,551,24,11,188,323,40,5,815,3,-0.797700250517512,-0.88160824042254,-0.253567322148662
2012-09-13,NA,4,3.81395348837209,9,22323,14427,7770,3661,5789,1897,763,861,301,623,791,0,280,231,266,0,0,100,531,15,7,176,283,72,4,840,3,0.310600387715616,-0.418644615565204,0.454794699911567
2012-09-14,NA,3,0,1,16219,8645,7441,2107,4837,784,728,679,28,672,896,0,98,56,168,0,0,96,520,18,6,169,290,62,4,845,3,-0.7651392770459,-0.826953606815286,-0.400937694887091
2012-09-15,NA,4,3.85483870967742,6,22253,10164,5740,5397,5033,301,539,476,483,651,49,126,168,357,154,0,0,92,504,28,14,153,283,69,7,825,2,0.224830372184914,-0.872338936888205,0.598187743922231
2012-09-16,NA,2,3.88888888888889,5,16681,12110,9450,4319,5054,819,854,721,329,658,721,0,1176,140,294,0,0,91,497,50,9,177,267,54,5,850,2,-0.655746722500709,-0.787563256662644,0.0511520954746654
2012-09-17,NA,3,3.78947368421053,3,21714,17206,5852,3808,15190,2660,2338,826,350,378,693,0,105,175,21,0,0,103,546,15,9,179,291,76,5,815,3,0.282204309857725,-0.174278455104826,-0.0804915744021007
2012-09-18,NA,3,3.70967741935484,3,19502,12628,12201,6902,4732,1666,973,392,210,1134,7,28,315,777,7,0,0,93,520,26,13,181,291,49,5,825,4,-0.165063192163054,-0.53400520939243,0.84747549994661
2012-09-19,NA,4,3.73076923076923,7,16429,7945,8624,7343,5572,1337,1029,441,147,462,749,14,168,224,56,0,0,90,511,16,10,154,300,58,8,820,4,-0.735629489823382,-0.687439187284961,1.01763868737394
2012-09-20,NA,4,3.83720930232558,0,12033,6720,4473,1652,5817,2310,1232,917,259,784,693,0,70,49,882,0,0,70,448,135,17,93,327,29,8,850,1,-1.44721269798005,-0.474570883391181,-0.327532658399943
2012-09-21,NA,3,3.78125,5,20153,11123,6741,2240,11081,2142,1428,756,224,385,637,42,742,126,77,0,0,123,695,17,25,227,402,67,7,1375,4,-0.0416255841116735,-0.385757577752431,-0.258214899600834
2012-09-22,NA,3,3.61538461538462,4,12831,6888,2471,3577,3087,889,1169,469,154,224,49,0,0,147,28,0,0,104,555,16,27,173,300,82,4,810,4,-1.36309109788554,-0.84732276992267,-0.266037043082717
2012-09-23,NA,4,3.84848484848485,7,21273,9478,3451,3766,5425,1491,980,238,308,308,14,91,49,329,0,0,0,96,520,31,14,184,270,67,7,825,3,0.0749044045517622,-0.574291665417509,0.207672236367198
2012-09-24,0,4,3.82142857142857,6,21084,12145,5579,5670,4151,1785,1519,861,245,539,1617,7,21,189,49,0,0,96,526,42,14,180,287,59,4,810,4,0.0690869753166044,-0.48476447293647,0.696546958563642
2012-09-25,0,3,3.73333333333333,3,25221,13209,5677,5152,6363,3521,4466,616,252,1155,0,84,497,203,287,0,0,93,515,20,17,157,291,67,8,825,3,0.829007529754453,0.0432570182650735,0.215316294034636
2012-09-26,NA,4,3.57894736842105,9,25263,11515,4977,3269,5509,2891,3864,833,308,462,672,28,161,819,392,0,0,96,557,25,44,209,281,67,15,815,3,0.787280148222428,-0.140818607391877,0.551715400126941
2012-09-27,NA,3,3.86111111111111,3,25361,12278,5796,3535,7035,1932,6314,644,280,714,714,0,0,287,0,0,0,105,582,23,24,191,320,71,7,815,3,0.81111818353076,-0.382170817626698,0.00887601992897974
2012-09-28,NA,2,3.8,0,12691,7532,5215,3850,4011,1785,2667,497,154,84,7,0,0,49,7,0,0,92,526,29,33,180,288,59,10,810,3,-1.34381142379801,-0.603635796736735,-0.543601372397034
2012-09-29,NA,3,3.69230769230769,7,17843,12383,8071,6608,6846,5474,6335,588,112,210,7,35,49,147,0,0,0,88,480,24,10,164,253,64,7,825,3,-0.358938965266709,0.469943841083654,0.511973814602365
2012-09-30,NA,3,3.61363636363636,5,16191,12740,5712,4438,3472,5110,5523,3094,224,364,728,0,266,98,0,0,0,88,483,21,8,144,268,72,9,970,2,-0.615098030226662,0.391073666439143,0.0081798627123571
2012-10-01,NA,3,3.94117647058824,10,19075,11298,6349,5565,7700,3346,14252,945,329,707,742,0,217,399,0,0,0,76,435,31,18,135,258,42,4,865,3,-0.196940936933403,-0.0778102441634684,0.704336018331923
2012-10-02,NA,4,3.91428571428571,9,19873,15939,9233,4620,7637,4494,637,259,140,238,700,21,126,245,0,0,0,82,459,18,20,137,267,55,6,825,3,-0.0284721695385481,0.244181263353355,0.558487810486416
2012-10-03,NA,3,3.8125,3,22932,13965,7714,3010,11473,2576,2996,3164,238,308,770,28,119,441,42,0,0,100,534,19,12,183,282,70,5,845,2,0.487880564901062,-0.17649032936664,-0.126364366013907
2012-10-04,NA,2,3.88571428571429,1,26159,18088,6629,2072,13146,3493,1477,7105,154,623,7,28,91,105,0,0,0,105,558,11,16,187,289,82,7,825,3,1.15065166772256,0.213888725921366,-0.937530857636014
2012-10-05,NA,3,3.83333333333333,0,9142,14861,2240,2058,5453,18515,2422,427,1050,1050,0,0,14,0,7,0,0,97,571,31,39,179,331,62,12,825,3,-1.50370459745683,3.84410390307153,-0.640468493305896
2012-10-06,NA,2,0,0,25977,14889,5208,2184,8911,2611,3220,735,35,777,0,7,0,112,0,0,0,99,527,15,19,195,253,80,8,840,2,0.960500323535301,-0.166256957976597,-0.771506137699431
2012-10-07,NA,2,0,1,21728,12691,6370,1540,4872,2828,2135,875,21,308,0,0,21,266,0,0,0,95,540,23,23,178,312,50,6,860,3,0.230564869726781,-0.182699773925051,-0.817244191800346
2012-10-08,NA,2,3.79807692307692,4,17689,9961,7280,3990,6440,3717,7588,1309,700,462,14,0,42,462,0,0,0,108,594,32,26,213,299,82,12,820,4,-0.421147558522343,0.00405713097086011,-0.0433174291653099
2012-10-09,NA,3,3.5,3,15687,8799,6587,5551,3941,4830,3038,1554,133,574,693,28,21,84,14,0,0,96,531,40,28,184,277,70,9,830,2,-0.757148058233933,0.255896649626414,0.205806464389045
2012-10-10,NA,3,3.91549295774648,1,25753,11718,5670,2051,10031,2576,2590,644,315,385,735,28,280,56,7,0,0,99,562,30,22,183,320,59,8,840,2,0.896414104392125,-0.204285942062395,-0.450479498176129
2012-10-11,NA,3,3.82352941176471,0,26124,11067,7553,1519,10129,1106,3129,672,203,686,0,0,7,105,70,0,0,93,521,33,19,162,299,60,6,835,3,0.933454758587999,-0.589506655178412,-0.575052497573647
2012-10-12,NA,4,3.79411764705882,8,23534,11459,8449,4809,8918,287,4844,1064,189,1050,0,0,651,392,0,0,0,80,501,24,88,145,298,58,12,810,1,0.486415882435995,-0.833705478169125,0.641130075032773
2012-10-13,NA,4,3.80434782608696,13,21686,13125,6734,3927,8855,1876,2541,658,280,511,686,0,252,483,7,0,0,95,563,24,35,141,361,62,10,825,3,0.199207903846429,-0.434613260308792,0.683337663571874
2012-10-14,NA,3,3.79166666666667,10,20776,13020,4795,4970,9863,4165,4088,126,112,238,721,0,0,518,21,0,0,95,541,21,29,175,306,60,8,850,3,0.0858483892987515,0.156120027466453,0.488721213335354
2012-10-15,NA,4,3.82926829268293,5,24227,12712,6867,6405,7889,1484,574,133,238,189,0,0,168,273,42,0,0,97,526,54,24,197,262,68,7,820,2,0.59900971259219,-0.518662144820461,0.651788283107265
2012-10-16,NA,4,3.71052631578947,6,14602,8036,4844,7651,6384,1092,231,224,154,217,7,14,21,2331,0,0,0,94,490,16,6,129,283,79,2,830,3,-1.0700622113925,-0.773448053145198,1.56663621894519
2012-10-17,NA,3,4.16326530612245,7,23051,12397,6090,4585,7931,3010,2261,343,420,266,777,14,98,203,28,0,0,93,482,33,6,150,258,75,3,820,3,0.439002800606671,-0.128022374736752,0.287970032311083
2012-10-18,NA,3,4,1,27118,19558,7427,3556,6650,3990,2954,1722,308,357,0,0,0,1302,0,0,0,61,325,41,26,121,143,61,8,1015,2,1.21237402426831,0.249605259040677,0.135087200149098
2012-10-19,NA,2,3.91304347826087,1,16968,19705,8799,3878,26719,23464,1092,392,427,154,7,35,28,42,0,0,0,112,613,17,7,176,359,79,6,835,2,0.0168691789706794,5.32096004413424,-0.47817158091943
2012-10-20,NA,3,3.74468085106383,2,22155,16779,6734,2205,3829,1890,1400,805,259,154,7,0,119,105,0,0,0,107,571,33,15,207,288,76,6,870,3,0.304383703401212,-0.401974649799079,-0.518816783296973
2012-10-21,NA,3,3.775,2,19124,12509,6391,3591,5663,1988,4382,497,203,434,868,0,525,364,0,0,0,101,550,25,9,200,285,65,7,840,4,-0.229486889677869,-0.446996022725673,-0.0239247043266231
2012-10-22,NA,3,3.81818181818182,0,20398,15190,4347,651,6125,1113,735,784,189,805,763,0,0,189,7,0,0,114,626,18,10,218,338,71,8,840,3,-0.0135840329939647,-0.636843991888415,-0.760111087395205
2012-10-23,NA,3,3.8,5,14819,9016,4389,3808,4760,5677,1918,315,133,532,728,0,245,126,0,0,0,91,493,26,10,149,281,63,4,880,2,-0.904430322649657,0.452366867410081,-0.0434168983492515
2012-10-24,NA,4,3.95454545454545,3,22078,12068,5712,2212,10227,5754,2051,812,231,238,7,63,119,56,7,0,0,90,518,33,16,160,310,48,7,835,1,0.361810947723796,0.603578260895207,-0.303958863815417
2012-10-25,NA,4,3.94736842105263,5,19250,9261,4179,6881,7805,1813,2352,3738,196,539,742,0,161,168,7,0,0,98,527,32,13,174,280,74,7,860,3,-0.195359667940627,-0.449957689206354,0.639452417312053
2012-10-26,NA,3,3.74418604651163,8,15400,9912,7007,12796,3927,3738,1582,805,189,77,7,91,7,980,7,0,0,93,504,21,8,146,289,70,5,835,3,-0.855779750373239,-0.0430355222475205,1.88662661342181
2012-10-27,NA,4,3.95,6,12747,7252,5173,9611,7434,5474,2387,588,217,959,7,0,154,560,525,0,0,87,458,34,1,137,258,63,2,850,3,-1.26468380255962,0.374900344641927,1.40289561895726
2012-10-28,NA,2,3.83333333333333,47,21994,10486,6979,14273,3773,1512,1869,1575,182,210,7,0,441,1358,161,0,0,98,517,16,15,164,266,88,7,830,3,0.170728169869129,-0.546788045266267,3.59924826496719
2012-10-29,NA,2,3.91666666666667,6,18921,11970,6321,3066,5810,2198,1988,602,210,294,0,0,1078,343,14,0,0,81,471,29,20,136,286,49,8,880,2,-0.257493518995294,-0.390383053931496,-0.295149998813252
2012-10-30,NA,2,3.77777777777778,4,21623,11620,11109,4914,6552,3003,735,1127,238,1722,679,14,210,567,7,0,0,110,607,17,17,197,329,82,10,830,4,0.228389051857186,-0.146672256043576,0.365252472066837
2012-10-31,NA,3,3.72222222222222,1,21091,13636,8834,2338,11193,6811,3087,490,224,371,7,0,14,91,7,0,0,93,521,36,24,169,283,69,9,850,2,0.243467272380265,0.879104798869348,-0.441078899338045
2012-11-01,NA,4,3.75757575757576,4,23996,13461,7889,2114,6174,1911,2968,364,245,210,644,0,35,98,0,0,0,75,376,21,19,131,171,74,4,855,3,0.586125658502838,-0.406136550547871,-0.102767365209167
2012-11-02,NA,3,3.58333333333333,11,19691,11193,9429,5635,8365,1652,3619,1393,147,686,749,0,112,238,49,0,0,99,541,29,16,169,298,75,7,830,3,-0.130509810530372,-0.51899653381259,0.694687956394606
2012-11-03,NA,4,3.81395348837209,0,17563,9695,9422,6475,9170,1477,3367,854,224,742,749,0,28,714,0,0,0,88,481,26,10,148,267,66,7,855,3,-0.501747636086709,-0.608013426524882,0.823306975190789
2012-11-04,NA,3,3.67857142857143,14,23037,14840,8057,3948,11221,3528,987,700,301,511,651,0,0,273,0,0,0,92,514,16,11,151,311,53,4,810,3,0.484164422123128,0.037215438892526,0.467627180879567
2012-11-05,NA,4,3.85714285714286,102,20258,9506,7504,10346,6356,476,553,364,238,707,553,7,63,3388,21,0,0,83,457,21,17,146,256,55,4,870,4,-0.209266434449468,-0.88480732670466,6.24226752656383
2012-11-06,NA,3,3.81818181818182,7,16380,8603,13524,4606,5621,1204,903,238,231,1078,378,0,0,266,0,0,0,94,512,19,24,161,272,80,9,845,3,-0.716873869885941,-0.721836165862589,0.507327253568069
2012-11-07,NA,4,3.83720930232558,0,24493,13160,10528,3570,8603,2541,609,644,364,469,7,7,203,70,0,0,0,NA,NA,NA,NA,NA,NA,NA,NA,NA,NA,0.705646480380217,-0.222482769966146,0.0124369217382992
2012-11-08,NA,4,4,4,38311,10059,8386,20314,22505,728,350,1015,63,1386,42,0,0,728,0,0,0,122,637,5,4,197,351,90,2,1330,3,2.94566651355769,-0.527961623201984,3.40773846268214
2012-11-09,NA,3,3.85483870967742,0,21686,5866,4074,3521,9681,714,98,2128,427,763,7,0,161,49,266,0,0,90,476,32,25,168,237,71,5,880,3,0.153850609586741,-0.752818264126586,-0.315135691235751
2012-11-10,NA,3,3.86486486486486,0,27391,8995,9016,6993,12187,2191,1085,1134,224,238,0,0,182,154,119,0,0,98,535,13,10,165,299,72,6,840,NA,1.15439428648566,-0.291712242203726,0.410528409100378
2012-11-11,NA,2,3.84210526315789,0,20237,13552,7133,3969,9982,4249,1701,406,203,427,0,0,343,154,0,7,0,65,350,15,8,91,209,51,3,915,3,0.0326828773140679,0.187298900071667,-0.408975235039171
2012-11-12,NA,3,3.85365853658537,1,26243,13510,6076,6104,11221,1575,644,371,217,574,0,329,553,7,287,0,0,50,262,15,1,53,164,46,1,1385,NA,0.968344663582133,-0.452755151537622,0.163172650783692
2012-11-13,NA,2,3.93939393939394,0,11697,10892,6622,1673,4830,4788,364,28,266,77,7,0,28,56,0,0,0,100,565,11,21,181,324,61,8,835,4,-1.41704488193324,0.195157184535791,-0.90251385502613
2012-11-14,NA,4,3.85,2,17570,14028,6594,4452,10248,7525,2597,329,217,399,0,28,112,49,28,0,0,103,557,18,22,193,289,76,8,815,3,-0.340284811924043,1.02535367648937,0.0709612180885374
2012-11-15,NA,4,3.71052631578947,6,18949,11067,7007,7420,7875,1351,910,882,175,833,0,14,21,238,0,7,0,94,520,30,16,180,275,65,8,840,2,-0.276542792289849,-0.612478137679112,0.868988718385951
2012-11-16,NA,3,3.85714285714286,15,28812,17360,4620,4235,8841,1106,2051,931,182,959,0,0,147,637,0,0,0,99,537,20,12,186,281,70,7,825,2,1.39713659848702,-0.5168737874011,0.548521756148941
2012-11-17,NA,4,3.93333333333333,3,14413,8792,3430,8785,10213,3017,3934,1197,175,1393,0,0,231,259,462,0,0,86,489,34,20,154,279,57,8,835,2,-1.00453911643177,-0.223964598393965,1.00538340500814
2012-11-18,NA,2,3.93548387096774,1,15995,8736,7112,10668,6678,2625,2667,350,245,525,28,0,6755,196,0,0,0,96,511,12,22,196,240,76,8,875,2,-0.73720121064578,-0.341968084057326,0.92036832617201
2012-11-19,NA,3,3.96,6,21217,11158,5915,4312,17010,11382,665,686,105,385,0,0,7,133,7,0,0,106,583,24,14,181,327,76,8,800,3,0.349033609495232,2.09130133943218,0.00309287235892029
2012-11-20,NA,4,3.8,4,25711,13335,6097,2114,11571,511,3451,483,147,217,0,0,49,259,14,0,0,74,392,26,39,132,194,66,4,830,3,0.856962943428056,-0.736929052316562,-0.175374882231834
2012-11-21,NA,2,3.53846153846154,5,19236,8400,4837,6216,4529,819,4956,406,217,189,0,63,1106,1526,0,0,0,113,599,15,14,200,314,85,6,800,3,-0.283319629068558,-0.785054866138744,0.644477125786582
2012-11-22,NA,3,3.68571428571429,8,14336,9037,6797,5873,6797,2359,4221,875,140,525,0,0,14,525,0,0,0,96,524,26,29,186,268,70,8,840,4,-1.03641973316052,-0.413683340917476,0.551191140482328
2012-11-23,NA,3,0,4,18438,9835,5369,6692,9240,1876,826,1064,35,441,14,0,7,336,7,14,0,102,564,23,8,199,316,50,4,840,3,-0.356964415024692,-0.479434339043414,0.407923969342975
2012-11-24,NA,2,3.71186440677966,5,20440,10948,8295,5558,11144,3801,742,392,252,714,0,0,497,763,7,0,0,82,428,24,5,108,247,73,3,880,2,0.0348973194051521,0.0512328634653372,0.361432702740199
2012-11-25,NA,2,3.71428571428571,8,22456,10353,3318,3948,12999,7875,1547,287,217,497,7,0,7,1960,0,0,0,107,595,27,15,188,341,67,7,1430,3,0.432431412012374,1.15175244956358,0.470104307335347
2012-11-26,NA,2,0,2,22106,8498,7210,3542,12187,4606,1330,833,0,301,7,0,266,658,0,0,0,103,585,30,17,183,339,64,10,825,2,0.320856828856619,0.277996705390045,-0.238567290345585
2012-11-27,NA,3,3.15384615384615,6,24843,9576,7196,2590,13069,931,707,1498,147,896,0,42,0,154,0,0,0,87,510,43,13,156,299,55,12,830,3,0.721016533865126,-0.640991633665122,-0.185438038198958
2012-11-28,NA,2,3.72151898734177,7,22302,17654,6125,4914,12663,6384,1799,679,434,616,14,14,147,119,7,35,0,94,518,40,42,175,261,83,11,875,3,0.457329727759443,0.817296978606619,0.00112655625384142
2012-11-29,NA,3,0,0,14371,12845,5985,1820,25830,14651,259,462,49,126,0,0,14,49,0,91,0,86,522,19,50,164,302,57,14,850,1,-0.668591691261505,2.9094110717047,-0.765250067864234
2012-11-30,NA,3,3.66666666666667,0,14238,6587,5565,2541,9009,665,371,1554,35,35,7,0,98,0,0,0,0,85,479,32,39,135,275,70,8,850,3,-1.08560593319751,-0.860388765976036,-0.638117898324418
2012-12-01,NA,4,0,6,18725,9863,4158,7154,8211,2177,1239,371,49,105,0,0,168,280,28,0,0,95,534,28,15,167,302,65,10,830,4,-0.325250916879464,-0.41133939884614,0.702518744466418
2012-12-02,NA,2,0,1,21742,13566,7714,3892,12705,4774,1218,553,14,231,21,28,56,77,0,0,0,107,581,37,20,217,292,73,8,820,3,0.303510948209021,0.351439176529206,-0.447393233772375
2012-12-03,NA,3,0,2,23751,10773,6160,2310,9583,2044,1099,2765,112,168,0,0,42,70,0,0,0,90,525,36,18,149,328,48,6,835,3,0.576633888956298,-0.334935539404344,-0.562193361147781
2012-12-04,NA,4,3.81481481481481,2,27265,13433,4228,6552,17584,980,1946,2429,847,2282,0,14,0,161,7,0,0,109,603,19,33,214,315,74,9,865,4,1.18189383354265,-0.538730452582069,0.675763039845855
2012-12-05,NA,3,3.91764705882353,4,18487,8372,4277,4907,7637,1449,546,896,336,525,0,14,182,266,7,0,0,106,584,25,27,208,306,70,8,860,4,-0.373480100035006,-0.606166504303204,0.105258794346243
2012-12-06,NA,4,3.8125,5,18053,9079,4375,4844,7462,1043,1302,406,154,903,7,0,231,238,0,0,0,94,578,30,45,196,343,40,13,825,4,-0.456088102545548,-0.724966905672485,0.339405575461858
2012-12-07,NA,3,3.6969696969697,5,19061,12873,4935,8848,5215,2114,560,1428,168,742,0,0,7,175,0,0,0,85,507,31,60,160,297,51,9,890,2,-0.236580284425313,-0.3907975757744,0.768924664777252
2012-12-08,NA,3,3.375,3,26502,14980,3801,6629,6055,357,672,2464,42,490,0,0,0,238,0,0,0,105,593,22,23,206,324,64,9,840,3,0.993303831090341,-0.735123239868728,0.243709025481046
2012-12-09,NA,2,3.97435897435897,2,25711,12432,3787,3703,7175,2058,511,784,154,168,0,0,7,343,42,0,0,NA,NA,NA,NA,NA,NA,NA,NA,NA,NA,0.862290602515322,-0.336890662261668,-0.413595529631262
2012-12-10,NA,2,3.8,2,20111,14637,5635,2072,7007,6524,1057,602,63,385,21,0,77,210,0,0,0,103,539,30,10,192,270,77,4,890,2,0.0563873984050776,0.791248157500587,-0.735649830492998
2012-12-11,NA,3,3.71929824561404,3,19740,12138,6664,3745,6636,2751,1407,5782,259,812,0,0,0,140,7,0,0,91,528,22,50,149,313,66,9,1425,1,-0.0224469997138536,-0.137973425079948,-0.269647831026326
2012-12-12,NA,4,3.2,1,12530,8554,3696,1659,6510,2653,567,518,42,301,0,14,49,84,259,0,0,NA,NA,NA,NA,NA,NA,NA,NA,NA,NA,-1.34386971154364,-0.365518399249116,-0.526553496238496
2012-12-13,NA,4,0,0,637,287,42,0,210,0,0,7,0,70,0,0,0,0,0,0,0,116,625,20,6,223,334,69,5,865,4,-3.47104346622545,-1.28169652176584,-1.01557265562479
2012-12-14,NA,3,3.79365079365079,1,24696,13202,3514,672,10395,2198,3941,2184,315,371,0,0,14,21,7,0,0,102,590,33,25,198,331,62,13,840,2,0.750460726660265,-0.269412128645453,-0.910021543336916
2012-12-15,NA,4,3.91044776119403,6,25669,14756,6048,3822,6762,3017,2723,931,308,1029,7,0,133,175,21,0,0,95,533,26,22,180,283,70,11,840,4,0.907526176751633,-0.0683930622000588,0.237351845586851
2012-12-16,NA,2,3.90322580645161,8,21770,15428,7833,4284,5579,5880,3199,861,161,756,0,0,224,301,7,0,0,97,549,33,28,189,291,70,12,870,3,0.326517392594999,0.644330143886957,0.0265558212313882
2012-12-17,NA,2,0,2,26551,13328,8442,1736,12453,3073,924,2632,21,434,14,0,147,84,56,0,0,81,464,42,31,139,267,58,9,885,2,1.10015516478656,-0.0099341019102908,-0.777190804115399
2012-12-18,NA,3,0,5,38087,32907,3633,1302,27853,3591,826,22435,7,1631,0,14,70,119,28,0,0,79,471,31,61,143,273,56,9,880,3,3.52614567801151,0.788697569524381,-1.25017972052634
2012-12-19,NA,2,0,3,18557,11179,5271,4571,6391,4620,756,252,0,413,0,84,2450,182,0,0,0,102,561,23,18,196,296,70,8,845,3,-0.270694578073524,0.234164951110171,-0.244728156137968
2012-12-20,NA,3,3.58108108108108,0,29442,13545,4879,2996,6986,4375,854,1113,322,1064,0,0,147,49,0,0,0,98,548,25,15,172,310,66,9,835,3,1.56089753116676,0.332550466597059,-0.395174484737179
2012-12-21,NA,2,3.61904761904762,5,22456,13699,4277,6398,9737,6461,1036,707,175,301,0,35,21,196,0,0,0,94,509,25,6,150,296,63,2,880,3,0.434035864587464,0.804951446217475,0.114884539226226
2012-12-22,NA,2,0,0,34776,35812,2205,553,3808,5166,161,25340,0,147,0,0,21,0,0,0,0,77,450,19,36,149,246,55,11,895,2,2.9871692437636,1.18134617592326,-2.11148511415685
2012-12-23,NA,2,0,1,26502,25193,2261,266,1505,49,658,22456,0,315,0,0,14,14,7,0,0,101,583,18,24,186,336,62,11,1410,3,1.37314920283004,-0.39801749683175,-1.96413244318311
2012-12-24,NA,4,0,1,2982,3206,0,2821,266,2429,0,0,0,119,0,0,0,21,0,0,0,83,463,21,31,145,251,68,9,845,4,-3.01358480903942,-0.592291201593401,-0.484787475206196
2012-12-25,NA,3,0,0,6517,2961,0,301,896,1421,0,252,0,21,0,0,0,112,0,0,0,87,515,28,52,153,299,63,11,815,2,-2.43948231494405,-0.813115454727794,-1.12518425739789
2012-12-26,NA,3,0,3,22792,22722,1162,2002,2590,6958,343,11137,35,1183,28,0,7,112,0,0,0,96,553,41,26,196,304,54,11,800,2,0.711028241656748,1.17124004492254,-0.971063954719971
2012-12-27,NA,4,4,10,18347,9177,5530,4767,5467,2940,1190,1120,161,1673,7,49,791,462,7,0,0,75,418,30,10,122,245,51,5,835,2,-0.353584105231614,-0.214932076368717,0.672665438403543
2012-12-28,NA,2,0,0,19474,15708,1764,448,2464,140,224,11914,28,203,42,0,0,0,7,0,0,89,545,21,78,158,317,70,15,830,2,-0.0263304888407076,-0.704583159511737,-1.63891525135158
2012-12-29,NA,2,0,3,10864,8323,539,658,2548,2282,35,3773,7,42,140,0,623,56,0,0,0,92,533,32,36,157,306,70,13,1435,3,-1.59637064334935,-0.433011332204804,-1.25060826571988
2012-12-30,NA,3,0,0,8554,4935,777,175,2989,1134,63,693,0,126,7,0,0,0,0,0,0,89,504,16,45,177,263,65,10,840,4,-2.07500403112474,-0.839256646900816,-1.17370247892947
2012-12-31,NA,3,3.73333333333333,0,26908,14434,5229,3199,10486,2625,1715,1589,238,364,0,7,70,315,336,0,0,90,505,19,31,170,273,63,8,855,3,1.11785254012852,-0.138261303778841,-0.321709042665747
2013-01-01,NA,3,4,10,18921,17878,7903,5229,5474,3318,3773,3108,77,840,7,98,196,553,98,0,0,98,539,15,37,176,271,92,13,900,4,-0.154055149753825,-0.0132489632554695,0.461914830879038
2013-01-02,NA,4,3.79411764705882,6,24647,13048,4928,4620,11935,3745,1932,1260,651,259,7,21,42,301,7,0,0,92,528,34,43,168,296,65,10,850,2,0.753749016323367,0.122304044048902,0.363755537899354
2013-01-03,NA,4,3.88732394366197,27,19250,15323,5229,5628,5943,4193,4851,2317,588,1302,0,63,133,588,84,0,0,79,459,47,53,133,256,70,12,840,2,-0.126392153701376,0.19395152388523,1.47265223895348
2013-01-04,NA,3,3.88940092165899,20,26481,10612,5831,8792,6104,427,980,2086,840,1393,0,35,28,1687,21,0,0,95,523,23,21,192,264,68,10,825,3,0.943015283064677,-0.758796514462652,2.08862365517235
2013-01-05,NA,2,3.72413793103448,3,18221,9569,4788,1295,3752,3255,2072,1176,147,336,0,70,91,231,0,0,0,113,608,13,10,190,336,83,7,820,4,-0.366844877309035,-0.127258158186799,-0.828408735303645
2013-01-06,NA,3,3.75,2,25004,14602,5600,1141,6440,1820,2499,2051,168,350,0,0,84,154,0,0,0,73,438,44,35,141,254,44,11,860,2,0.788919813137972,-0.373067763669943,-0.720394942749818
2013-01-07,NA,2,3.68571428571429,8,20972,8582,5754,3528,6496,1785,11774,1246,112,329,49,0,105,308,7,0,0,89,484,27,36,159,247,79,9,860,3,0.066549471292751,-0.480889403521766,-0.11654586988955
2013-01-08,NA,2,3.66666666666667,9,16996,8869,6496,4599,3570,3073,11389,581,140,1281,28,14,154,553,14,0,0,106,566,24,34,208,265,94,11,845,3,-0.578667179192511,-0.204691955510296,0.301752202236474
2013-01-09,NA,2,3.76923076923077,0,25494,10143,5376,1043,8967,819,3164,1624,133,406,0,70,77,70,0,0,0,86,492,20,17,152,286,55,8,865,3,0.82307199431338,-0.662504887449613,-0.998282289795626
2013-01-10,NA,3,3.84615384615385,3,14805,17185,4641,4186,15953,10290,1561,616,637,231,28,21,7,210,0,0,0,93,500,19,27,186,239,75,9,870,2,-0.69828259548906,1.77138135966409,-0.133550948362057
2013-01-11,NA,3,3.79310344827586,1,20517,26075,3759,1834,22169,15169,2716,1463,175,539,7,0,7,126,7,0,0,92,516,13,25,178,273,66,11,865,2,0.460968694503103,3.21980947763338,-0.787918518986952
2013-01-12,NA,3,3.98823529411765,9,3465,10556,896,8729,6377,6370,1463,567,1029,420,0,0,3612,427,98,0,0,96,563,28,26,164,337,62,12,840,2,-2.75588170547792,0.532173500578073,0.989343572087214
2013-01-13,NA,4,3.75862068965517,17,2170,11935,7,10241,651,7364,1085,1834,196,511,0,0,0,1358,35,0,0,90,503,29,21,173,267,64,9,840,3,-2.97799481762323,0.791907829696298,1.85025995801298
2013-01-14,NA,3,3.80392156862745,16,1708,11445,0,7889,2940,17948,2905,2387,609,518,0,0,0,1386,252,0,0,89,505,15,19,173,271,61,11,885,2,-2.8013821366508,3.60461704228972,1.27227571553156
2013-01-15,NA,4,3.8125,5,4641,21210,1141,7119,1638,17591,1484,616,406,651,0,0,28,651,413,0,0,90,527,37,29,190,288,49,11,865,2,-2.27047309184326,3.57596066086767,0.671558438126331
2013-01-16,NA,3,3.80434782608696,5,30506,14000,4662,3836,11326,2485,1736,1960,245,2163,0,14,714,252,0,0,0,96,559,22,26,162,334,63,11,835,2,1.73165285558369,-0.128497311806687,0.0829992366898439
2013-01-17,NA,3,3.63265306122449,8,23541,15050,7434,5796,7273,2639,2765,903,259,952,0,14,217,231,7,0,0,98,602,21,58,217,331,55,18,835,4,0.549620245396827,-0.19107341320984,0.496523908689972
2013-01-18,NA,3,3.90322580645161,5,20524,12117,5292,3549,7714,2163,3500,812,168,343,7,14,98,469,0,0,0,101,584,51,51,198,320,67,12,845,3,0.0112558921004738,-0.370598824909557,-0.0398102731934121
2013-01-19,NA,2,3.74358974358974,3,26663,11144,5537,2296,7343,1519,1855,1512,182,371,7,7,56,378,0,0,0,91,520,16,43,156,292,72,11,860,3,1.02251309193212,-0.465056249390482,-0.545126765016592
2013-01-20,NA,2,3.94444444444444,3,26768,14259,10836,2695,6090,2401,5887,497,280,329,0,0,42,231,0,0,0,85,489,40,52,169,254,67,11,875,3,1.08376503477156,-0.231663991188726,-0.344998555490418
2013-01-21,NA,3,3.85294117647059,1,18571,11333,8932,5068,7917,4676,4858,805,154,875,0,49,987,301,0,0,0,91,497,43,14,172,265,60,6,840,2,-0.239831760819959,0.264499104793939,0.164599969754637
2013-01-22,NA,3,3.94736842105263,3,28742,11375,7280,4032,7056,2681,4088,3556,203,1701,0,7,602,238,28,0,0,80,476,26,32,140,287,50,10,825,2,1.4427946432149,-0.0982858661560314,0.0379067827174355
2013-01-23,NA,3,3.9622641509434,4,23464,12565,8057,4613,9037,4844,2800,637,427,840,0,70,133,91,49,0,0,92,522,82,25,190,285,48,6,805,1,0.577396852772538,0.375837716841573,0.13961996621637
2013-01-24,NA,4,3.98148148148148,1,25284,11487,5425,4942,7924,1603,1302,406,455,469,0,0,35,168,0,0,0,84,462,81,7,145,258,60,6,850,2,0.778814610876911,-0.474145509784556,0.228427386793966
2013-01-25,NA,4,3.88888888888889,3,14973,8491,7441,5446,10675,5768,2884,861,469,504,0,42,490,154,0,0,0,85,469,43,42,147,256,67,6,855,4,-0.836172515620548,0.502953328244337,0.408623088373612
2013-01-26,NA,3,4.11029411764706,0,23576,12082,6867,4949,5565,2051,2114,756,1505,371,7,0,70,14,7,0,0,90,504,14,13,144,299,61,6,835,3,0.520390991263719,-0.363347314687868,0.11579330849416
2013-01-27,NA,2,3.90909090909091,6,21238,11991,5509,2282,4991,1876,3346,609,252,308,0,0,140,161,0,7,0,112,607,20,17,198,331,79,7,830,3,0.115855947601415,-0.44736466277125,-0.504684383364925
2013-01-28,NA,2,4,1,18494,7343,3633,2128,5040,1526,4851,721,245,203,0,0,63,21,63,0,0,91,537,22,28,185,298,55,13,840,3,-0.379314697582997,-0.597604457588846,-0.800468569524836
2013-01-29,NA,2,3.83838383838384,7,22442,9947,5642,2499,6041,847,7427,553,518,1253,7,0,0,168,0,0,0,98,551,31,24,184,297,71,11,815,3,0.293278664721021,-0.714867411367853,-0.252680767310571
2013-01-30,NA,3,3.78378378378378,0,17549,8176,8316,637,4634,616,4809,3171,371,308,0,7,7,21,0,0,0,96,524,25,18,189,273,63,7,850,3,-0.493786082214013,-0.804914863197616,-0.839272370274063
2013-01-31,NA,3,3.91891891891892,5,29344,13965,6202,6818,11858,1666,812,182,203,539,0,0,1092,154,0,0,0,95,524,29,16,167,285,73,9,825,2,1.48213519566222,-0.391354062587642,0.511633219274835
2013-02-01,NA,4,3.92727272727273,2,25669,10927,6265,2968,6762,3962,2002,812,2786,1316,0,0,105,889,56,0,0,87,508,36,45,168,285,56,9,820,2,0.910968088238603,0.166270191725129,0.633151939998317
2013-02-02,NA,3,3.76595744680851,7,27769,8512,4424,4417,8330,840,1883,1232,910,336,14,0,637,238,21,0,0,87,496,20,27,141,297,58,6,815,2,1.16572409015151,-0.649388309604527,0.243037662886577
2013-02-03,NA,4,3.8974358974359,2,26558,12474,5467,4858,7063,952,3500,742,161,525,0,21,609,147,7,0,0,87,498,29,30,142,300,56,6,825,3,0.989993895007844,-0.623028243436633,0.20950257404475
2013-02-04,NA,3,3.55844155844156,8,27398,17059,5089,4928,9905,4508,3703,2037,504,504,7,0,42,252,14,0,0,86,465,42,10,165,240,60,6,830,3,1.26448126986476,0.392798545152284,0.255411226965529
2013-02-05,NA,4,3.80487804878049,5,21238,10227,7665,2828,7434,1022,3199,651,469,448,0,0,378,217,7,0,0,84,474,37,28,135,277,63,7,835,3,0.0994998230338194,-0.681793153503362,0.0828154716617163
2013-02-06,NA,3,3.83333333333333,1,19684,8155,7084,7091,9926,1176,1848,693,147,539,0,28,231,147,0,0,0,106,584,15,24,181,325,79,8,835,3,-0.168734087879174,-0.666321398545756,0.401991773600231
2013-02-07,NA,2,3.90361445783133,2,20692,9716,9835,2212,4256,385,2366,679,280,196,0,0,280,35,0,0,0,91,523,24,41,161,299,64,9,865,1,-0.00943725806744597,-0.867706459251892,-0.589935914520313
2013-02-08,NA,4,3.88679245283019,2,30002,11977,6265,7539,12383,1876,574,903,280,840,0,56,35,119,7,0,0,84,487,27,78,151,270,66,7,885,1,1.5931567086213,-0.326999226192911,0.729836955023721
2013-02-09,NA,4,3.86046511627907,3,26138,15267,7336,8274,9317,1897,42,161,217,259,0,0,0,98,0,0,0,88,482,40,17,162,261,59,6,850,2,0.949207353550207,-0.365400067089597,0.839115834695449
2013-02-10,NA,3,3.78378378378378,3,25480,16219,7014,7672,10269,1225,434,210,154,98,0,0,7,105,0,0,0,104,587,14,16,185,341,62,7,860,3,0.836821174373208,-0.539678411898553,0.499921448174619
2013-02-11,NA,3,3.97142857142857,3,20587,12600,6629,4130,14812,945,875,546,245,1204,7,0,21,182,7,0,0,94,522,15,19,160,300,63,6,855,3,0.0277638855590381,-0.676009274490717,0.00466129154143726
2013-02-12,NA,2,3.8974358974359,7,16247,10234,4410,3920,6762,469,497,357,224,434,7,0,511,392,0,0,0,110,601,16,11,202,333,66,5,835,4,-0.76420049794001,-0.891145872123007,-0.128433180591401
2013-02-13,NA,4,3.94871794871795,6,24038,14007,6538,5327,6223,2219,1701,924,154,343,7,14,994,721,0,0,0,84,466,32,1,147,280,40,2,855,3,0.603545055455142,-0.310003904998278,0.625754221171149
2013-02-14,NA,3,3.97674418604651,26,21490,12117,3864,9058,10703,7210,1792,686,525,1197,7,0,245,322,7,7,0,108,591,23,22,178,332,81,7,850,3,0.266783985595013,0.980821884026048,1.75254236909999
2013-02-15,NA,3,3.94594594594595,3,19278,15792,3192,3927,19642,17045,2044,651,203,301,0,0,56,84,0,0,0,92,521,28,40,175,291,55,5,835,3,0.191002534333187,3.61044485645733,-0.307445165893464
2013-02-16,NA,3,3.83333333333333,15,25480,18291,3920,4396,8869,7623,3500,1092,175,595,0,0,182,224,203,0,0,105,581,11,15,181,328,72,8,810,4,0.994384373325428,1.18152887522803,0.363718816046038
2013-02-17,NA,2,3.91176470588235,0,21693,10535,9072,525,7308,868,630,721,238,525,7,0,0,14,371,0,0,93,526,27,19,158,308,61,7,865,3,0.180457789370615,-0.714901067083502,-0.943946203801386
2013-02-18,NA,3,3.97368421052632,0,31556,12411,5593,1449,5943,378,2303,882,210,539,7,0,140,28,644,0,0,85,486,43,10,173,271,43,7,835,4,1.80271693344817,-0.71807193657335,-0.614654866700168
2013-02-19,NA,3,3.94871794871795,6,27048,13895,6433,5180,8778,1246,1673,889,203,574,0,637,2303,315,154,0,0,104,558,33,11,183,290,86,9,820,3,1.11057952867267,-0.530211578345123,0.272106418565151
2013-02-20,NA,2,3.91666666666667,3,24346,13804,6846,3682,7889,1932,1183,371,84,1498,0,21,1988,322,0,0,0,83,472,43,19,136,287,49,4,825,3,0.667882307343305,-0.387344427253527,-0.184224916295905
2013-02-21,NA,3,3.86111111111111,2,26292,13258,6062,5964,4900,3276,2702,1134,280,546,0,0,210,224,14,14,0,97,534,25,24,166,297,72,6,820,3,0.999004829050326,-0.0029696922094845,0.246512195423008
2013-02-22,NA,2,3.925,3,23142,9002,6902,4172,9268,1540,2772,3136,154,532,0,420,0,266,42,0,0,89,502,19,17,144,304,54,5,825,3,0.466335162002435,-0.483399065481914,-0.285410428770949
2013-02-23,NA,3,3.87179487179487,2,28098,14910,2562,2674,5362,2408,994,1204,168,1092,0,14,28,28,0,0,0,89,495,21,31,157,277,61,5,825,3,1.29220159021959,-0.19559495060146,-0.484675846019643
2013-02-24,NA,3,3.88571428571429,1,18886,13216,3948,504,6748,2646,1820,2240,210,588,0,294,266,266,0,0,0,100,560,13,14,199,305,56,8,810,3,-0.21054014385737,-0.230332097404378,-0.899633494036009
2013-02-25,NA,3,3.80952380952381,1,28420,13678,5740,2744,9324,2450,1960,238,168,588,0,56,1050,140,0,0,0,97,538,20,16,173,292,74,10,845,3,1.34830647473348,-0.200346735549749,-0.379866920906112
2013-02-26,NA,3,3.94871794871795,0,28658,12124,6412,1288,8862,350,2744,2198,182,238,14,28,714,14,0,0,0,89,496,30,21,154,293,49,2,830,2,1.36303895349007,-0.729305820966887,-0.767769728567788
2013-02-27,NA,2,4.11538461538461,3,28826,13986,6916,2576,11396,1302,1372,1246,266,308,0,672,3850,392,0,0,0,81,438,33,4,134,250,55,3,820,2,1.43904134765017,-0.481669832401566,-0.478861693242135
2013-02-28,NA,3,3.9047619047619,0,25536,13286,10976,1904,9366,630,2898,4802,126,1106,0,532,196,98,0,0,0,82,464,35,34,153,263,49,5,835,2,0.928273107083452,-0.641739333156796,-0.584989019358491
2013-03-01,NA,3,3.86842105263158,2,25242,15876,8666,3528,11382,4228,910,1330,196,910,0,14,1750,70,14,0,0,78,444,35,27,139,259,47,4,895,2,0.91099363445774,0.270199546288191,-0.177158859568522
2013-03-02,NA,3,3.74285714285714,2,23072,8498,4298,5684,15498,770,3654,826,168,434,14,14,98,112,0,0,0,102,552,20,13,189,296,68,6,830,3,0.40276175943854,-0.712308405641153,0.116941023817258
2013-03-03,NA,3,4.4,2,25312,13874,5726,6300,9044,1960,1316,770,154,420,14,84,98,252,0,0,0,97,530,26,7,176,299,55,4,845,2,0.816399377494176,-0.355737838994304,0.264980418616598
2013-03-04,NA,3,3.83116883116883,2,23394,10430,6608,10248,7938,630,1876,602,322,252,0,56,14,4074,0,0,0,93,522,28,5,167,314,42,2,840,3,0.40202745007548,-0.77271349658872,2.40103842768713
2013-03-05,NA,3,3.8,3,19180,13006,4116,6314,8792,3626,1876,1008,168,294,0,42,154,364,0,0,0,107,586,9,5,194,334,59,3,835,3,-0.174695332956044,0.0142135657892277,0.265699153168298
2013-03-06,NA,4,4,4,20496,17766,4746,3514,7994,6832,1988,812,252,546,0,56,1274,140,0,0,0,99,561,5,24,217,305,39,5,895,2,0.157411752483932,0.903340004394537,-0.043560753156504
2013-03-07,NA,2,4,2,21042,17066,6552,9044,6762,1120,756,476,14,798,0,98,434,350,0,0,0,109,628,49,44,216,350,63,10,815,1,0.101325487114492,-0.617734746094967,0.590087169345528
2013-03-08,NA,3,3.91666666666667,1,23982,13062,2898,5656,11956,490,1722,1176,322,756,14,0,28,2128,14,0,0,108,583,6,6,202,311,71,6,885,3,0.554442284572846,-0.753394696282677,0.770293199453759
2013-03-09,NA,2,4,0,19950,9072,5726,11046,12824,588,238,252,42,238,0,0,28,6692,0,14,0,103,578,24,20,190,328,60,6,815,3,-0.195706460451549,-0.836025021112149,3.14981882296632
2013-03-10,NA,4,3.73913043478261,0,12460,7826,3584,3136,5628,1218,336,1302,840,462,0,0,70,560,0,0,0,91,514,44,21,178,289,48,6,850,2,-1.38094966500563,-0.735393246622472,-0.0401823540107469
2013-03-11,NA,3,4,8,21770,11914,4634,6146,12250,3892,2170,2254,210,1568,0,210,224,280,28,0,0,110,615,32,11,195,361,60,4,515,3,0.296233762974473,0.136122253621582,0.500807586315915
2013-03-12,1,3,3.81481481481481,3,19040,7476,4368,812,8890,154,2730,1624,154,2156,0,126,462,252,182,0,0,93,545,15,11,174,336,36,6,520,3,-0.276765485566389,-0.933708177602572,-0.526301949291219
2013-03-13,1,2,3.89795918367347,1,21182,9842,4228,2800,14406,3178,1008,1428,154,1120,14,14,2954,168,280,0,0,102,590,2,9,191,356,44,6,505,3,0.174863771848202,-0.0838542627427328,-0.548046835118634
2013-03-14,1,2,3.82352941176471,4,27622,16492,7364,1834,13580,5334,1232,1554,140,840,0,42,196,126,84,0,0,94,543,21,28,199,293,52,10,525,3,1.33657513491855,0.607298130387583,-0.634701594995853
2013-03-15,1,3,3.92105263157895,2,23660,10402,8778,3444,8176,1904,70,2268,126,2646,0,0,84,210,182,0,0,99,544,21,10,172,310,62,5,505,2,0.562222037953224,-0.392106280005625,0.0167711939847626
2013-03-16,1,3,3.81578947368421,7,25480,11466,5432,3150,6342,1778,1750,2492,140,1932,0,42,84,406,434,0,0,92,509,21,8,177,282,50,4,525,3,0.846015623594521,-0.39659278507924,0.094470777345244
2013-03-17,1,3,3.78260869565217,3,18172,10248,5656,5502,4634,196,7742,3752,210,2646,0,28,56,112,336,0,0,109,601,1,9,205,339,57,4,490,4,-0.379325329587918,-0.884002144884203,0.296763241220746
2013-03-18,1,2,4,0,21476,11130,5908,1302,9730,1834,3570,2296,182,2324,0,0,14,112,308,70,0,100,526,40,11,196,263,67,4,550,4,0.208956060127907,-0.419783687722679,-0.748635349735622
2013-03-19,0,4,3.29268292682927,0,19628,9240,4620,5082,9240,2352,2086,1386,154,2324,14,0,0,28,238,0,0,91,513,3,14,186,283,44,5,520,2,-0.130375728197094,-0.336127405724561,0.253779854568903
2013-03-20,0,3,3.85714285714286,0,23408,11438,6286,3136,17122,8652,728,602,210,2338,0,28,1120,14,0,0,0,102,568,2,8,195,325,49,3,500,3,0.682954554492181,1.39472934762859,-0.247777190995436
2013-03-21,0,3,3.81481481481481,2,25396,19054,8428,3794,6986,4004,1554,3556,112,4648,14,70,28,1050,0,0,0,89,495,2,13,147,290,58,5,550,3,0.987177436059047,0.260884665840003,0.438235344883217
2013-03-22,0,3,3.90322580645161,5,23002,10850,5614,7840,12516,2058,2366,882,210,1974,0,196,490,378,0,0,0,98,534,3,4,172,305,58,4,500,4,0.437507778505318,-0.367272115770303,0.844984708920917
2013-03-23,0,3,4,3,19404,10822,6062,6734,17738,6524,294,742,168,658,0,0,28,364,238,0,0,77,425,1,2,135,252,39,1,525,4,-0.0622484729987174,0.784155254884578,0.462711819935377
2013-03-24,0,4,3.83333333333333,0,17402,10248,4270,3262,15610,7980,686,602,168,854,28,0,14,112,126,0,0,85,503,15,21,162,304,37,7,510,2,-0.368749021827633,1.13720224019429,-0.198817131464619
2013-03-25,0,4,3.94736842105263,2,22386,13202,6272,6398,9562,2632,1246,1246,294,1106,0,1512,126,588,210,0,0,93,507,5,4,175,281,52,3,525,4,0.37709764166497,-0.216091085959658,0.566828598057096
2013-03-26,0,3,3.77272727272727,2,14952,7490,4382,4158,6944,1232,1078,560,210,854,0,70,140,742,714,0,0,94,523,1,13,164,301,58,5,560,4,-0.985273420871378,-0.722095892691502,0.153158179475603
2013-03-27,0,3,3.84210526315789,2,16856,10640,3164,3920,12894,6566,2800,420,168,98,0,56,14,154,154,0,0,86,492,3,10,141,308,44,4,515,4,-0.506611917379337,0.751681881855697,-0.277327805756886
2013-03-28,0,3,3.76190476190476,1,12096,4564,5320,826,15848,12152,322,266,140,126,0,14,0,28,0,0,0,101,551,1,2,212,293,47,4,500,3,-1.1981011132156,2.13700987720144,-0.857845070419539
2013-03-29,0,3,3.83783783783784,2,16002,6356,4214,2478,5810,364,294,140,84,616,0,0,56,56,56,0,0,100,537,2,3,195,286,56,2,485,3,-0.837201278595347,-0.954063902024314,-0.473793287368106
2013-03-30,0,2,3.625,0,17206,8260,4438,5040,4970,1764,1022,98,294,812,0,56,126,28,14,0,0,103,554,1,11,183,304,67,4,500,3,-0.59232631612018,-0.556966306102402,-0.260674384540892
2013-03-31,0,3,3.8,1,11424,8036,2870,602,6006,1764,896,56,168,266,0,0,112,70,0,0,0,42,232,3,2,63,145,25,1,565,1,-1.55444823935371,-0.62287813969692,-0.927464819462139
2013-04-01,0,2,3.88461538461538,0,24276,8316,2940,7672,9870,280,840,532,406,322,0,42,14,294,28,0,0,102,537,2,3,152,309,76,2,475,3,0.556053216103758,-0.847299607887837,0.253060309599377
2013-04-02,1,2,3.88888888888889,0,25354,11018,3416,5208,8316,1820,924,966,28,868,0,182,112,462,14,0,0,83,458,17,10,143,264,52,4,540,3,0.800150362680368,-0.409039994294692,-0.15902422778088
2013-04-03,1,3,3.78481012658228,1,30534,13244,5572,7266,8288,168,854,308,308,1400,0,42,210,42,0,0,0,106,561,20,9,189,299,73,2,520,2,1.63593182570303,-0.783025983569263,0.475884222180526
2013-04-04,1,3,3.78947368421053,0,30898,16772,7462,10906,11046,966,1162,672,392,1820,0,0,84,28,28,0,0,78,427,22,9,113,254,60,4,505,3,1.75659935280217,-0.53055880002629,1.14798726644101
2013-04-05,1,2,3.5,1,27384,15470,5040,9632,10486,56,1512,336,70,784,0,56,42,14,28,0,0,95,522,23,36,150,299,74,5,495,3,1.12491505332237,-0.826743971429617,0.554204951055014
2013-04-06,1,3,3.83333333333333,0,26040,12194,3906,3976,7462,1988,1582,714,238,1260,0,42,126,0,14,0,0,96,510,23,10,189,257,65,4,490,4,0.927772284398146,-0.352750135787311,-0.249563914975447
2013-04-07,1,2,3.91566265060241,6,22946,11816,4746,3094,5810,1470,588,854,294,518,0,154,14,532,126,0,0,100,530,34,15,202,252,76,7,530,4,0.387401218729102,-0.532926141955065,-0.236734735885259
2013-04-08,1,3,3.90322580645161,3,27258,9422,7238,3066,8638,798,2660,644,154,308,0,126,56,140,406,0,0,99,520,23,16,179,264,78,5,510,3,1.08519924669917,-0.676379818984363,-0.187861096289929
2013-04-09,0,2,3.96969696969697,1,24346,9492,6580,5964,4984,1554,350,182,462,392,0,728,56,210,420,0,0,63,390,56,161,171,166,54,7,545,1,0.60383837899811,-0.527524649124565,0.0511372825801872
2013-04-10,0,3,3.66666666666667,0,36526,11256,6062,1078,5978,2366,896,42,84,644,0,154,1232,84,70,0,0,100,561,10,8,168,338,55,5,560,4,2.66434264523731,-0.160489031055652,-0.67555012853783
2013-04-11,0,3,4,0,30520,13566,6426,1386,7196,1484,1484,308,14,700,0,672,1120,28,126,0,0,102,559,33,10,188,308,63,6,565,4,1.68415055249139,-0.441779106509552,-0.724756520039374
2013-04-12,0,2,4,2,26012,8820,10906,2296,5390,308,3696,686,42,896,0,658,504,126,182,0,0,104,587,22,20,191,331,66,9,530,4,0.887676946775527,-0.836765048261276,-0.486583752631438
2013-04-13,0,2,4,1,30184,10654,6062,6132,7406,658,840,168,42,280,0,182,2506,14,42,0,0,93,513,21,74,178,267,68,3,490,3,1.57245716317613,-0.684371877142015,-0.0263633587655131
2013-04-14,0,3,3.83636363636364,0,23436,12852,5502,3178,6062,3836,1918,280,378,350,0,1008,1722,336,0,0,0,100,568,24,24,192,326,51,6,490,3,0.552838303428523,0.0913896684681491,-0.364474975731763
2013-04-15,0,3,4,0,24738,9464,6090,1904,6552,2716,1652,196,308,140,0,98,1358,0,0,0,0,97,555,34,19,194,310,51,8,515,3,0.706185060631467,-0.20832629067139,-0.613761885514174
2013-04-15,0,3,4,0,24738,9464,6090,1904,6552,2716,1652,196,308,140,0,98,1358,0,0,0,0,97,555,34,19,194,310,51,8,515,3,0.706185060631467,-0.20832629067139,-0.613761885514174
2013-04-16,1,4,3.87272727272727,6,19334,11998,4662,5096,6076,4228,4340,1106,196,490,0,364,1092,364,14,0,0,106,573,22,17,206,291,76,8,515,2,-0.135682875341589,0.159653194907036,0.392672290933432
2013-04-17,1,4,0,3,22078,9170,4550,5376,7770,1974,3374,238,112,924,0,140,2744,238,0,14,0,84,452,100,14,176,214,63,8,535,1,0.248641669756045,-0.437049090562789,0.397396620224011
2013-04-18,1,3,3.80769230769231,0,25578,11914,6510,5572,5208,4452,28,812,280,910,0,1456,980,154,42,0,0,100,569,39,54,205,294,70,11,495,2,0.925575223129657,0.276240285957008,0.00352657994105368
2013-04-19,1,2,3.83333333333333,3,27440,12068,5698,6342,7406,4452,742,532,84,518,0,1078,1260,112,14,0,0,111,621,29,16,208,353,60,6,525,2,1.22590775853886,0.301515425262099,0.00626246417532603
2013-04-20,1,2,3.85714285714286,0,16800,9408,6790,1484,3836,2394,2156,840,112,420,0,126,350,42,0,0,0,68,383,28,37,114,223,46,2,535,3,-0.615408134359843,-0.379646244948417,-0.914981161506217
2013-04-21,NA,NA,3.82857142857143,0,23436,11032,5404,980,4816,672,1134,420,168,224,0,14,42,70,0,0,0,79,447,20,21,114,276,58,6,520,3,NA,NA,NA
2013-04-22,1,3,3.88888888888889,2,24850,13468,4382,1834,4984,5334,1246,644,294,294,0,70,756,364,112,0,0,83,459,28,11,157,255,47,4,550,3,0.799386325516797,0.517527511087346,-0.494273994333929
2013-04-23,1,2,3.83783783783784,4,26278,12516,4102,1134,7952,2254,1036,1232,112,1344,0,42,1288,182,0,0,0,93,529,17,43,169,297,64,7,525,2,0.992862435274158,-0.269567205438337,-0.747631952677194
2013-04-24,1,3,3.86206896551724,0,18802,10346,6454,3808,7546,2380,2380,378,168,168,0,0,70,14,0,0,0,105,594,27,30,190,330,74,11,540,4,-0.282763788619113,-0.352137477706781,-0.318293197763139
2013-04-25,1,2,3.64102564102564,18,18186,9114,8260,5936,5012,1694,3430,448,126,140,0,28,196,630,0,0,0,89,485,67,13,173,255,57,6,550,3,-0.430087557950936,-0.560395597896935,0.810143396368734
2013-04-26,1,4,3.88888888888889,0,21364,10430,5754,5446,8288,658,1372,658,98,140,0,28,812,28,0,0,0,93,504,31,23,174,263,67,6,540,2,0.107227784676712,-0.773869374813937,0.14222537596556
2013-04-27,1,4,3.9375,4,21896,12012,5922,5138,9562,2520,280,1148,70,840,0,294,1428,238,0,14,0,100,556,25,21,184,308,65,7,545,4,0.267467441533631,-0.256539510600126,0.326746548712403
2013-04-28,1,4,3.76190476190476,2,24990,14112,5698,5278,11060,3290,1120,532,42,392,0,546,1330,168,0,0,0,76,445,39,57,155,238,52,8,555,3,0.811364832071649,-0.0101607152254182,0.196950498153555
2013-04-29,0,3,3.94444444444444,2,19810,8274,6748,9968,9338,1400,588,532,98,644,14,98,448,406,0,0,0,93,547,17,16,180,329,38,8,515,3,-0.15505887409579,-0.611873061381828,1.02805130738231
2013-04-30,0,3,3.875,2,19600,7686,7966,6286,7630,658,1120,490,70,574,0,210,840,182,70,0,0,77,413,27,5,121,231,62,4,515,4,-0.201347284139933,-0.82089167230492,0.328411000646495
2013-05-01,0,3,4,3,21854,9296,7420,3598,9940,588,1092,826,490,210,0,70,98,238,0,0,0,91,506,23,10,176,279,51,6,545,4,0.192746367535327,-0.78584835296795,-0.0836506967491946
2013-05-02,0,4,3.85,1,16674,7448,7714,7994,10892,182,252,1232,154,252,0,42,434,28,0,0,0,79,425,42,55,180,175,71,9,545,1,-0.686363515040244,-0.958976406024815,0.674752018933642
2013-05-03,0,3,3.88888888888889,3,17598,6510,4788,3486,5516,798,994,1050,336,126,0,168,112,238,0,0,0,94,499,6,21,198,238,63,5,540,2,-0.54803341642026,-0.804672527154766,-0.221376231382603
2013-05-04,0,4,3.73076923076923,12,21112,8988,7770,3430,5096,252,0,266,70,252,0,0,126,294,56,0,0,79,394,35,1,136,189,70,2,595,3,0.0221997937373446,-0.913929279113445,0.411902492899247
2013-05-05,0,3,3.82352941176471,6,21756,10388,7210,2786,6566,784,14,476,168,322,0,224,448,448,56,0,0,69,381,28,35,102,222,58,4,530,2,0.169963224349051,-0.747455379984748,-0.0915297362367863
2013-05-06,0,4,3.81578947368421,5,33082,11872,15456,2912,11354,476,602,294,350,280,0,238,42,308,0,0,0,73,424,30,20,145,249,30,3,575,3,2.09239292373628,-0.685936292917736,0.325172084220496
2013-05-07,0,4,3.8,5,25830,9744,10024,8372,5390,490,1106,518,196,322,0,98,98,182,0,0,0,102,557,18,6,166,326,65,3,520,4,0.829129786526157,-0.78632696513508,1.06568226954285
2013-05-08,0,2,3.76470588235294,6,25914,13664,7462,9856,7420,2100,714,154,84,812,0,126,224,672,28,0,0,101,526,23,4,187,269,70,3,525,2,0.898592147884726,-0.332395908518187,1.08888374417134
2013-05-09,0,2,3.84615384615385,3,19208,11830,10290,4228,4452,4214,532,504,84,140,0,224,112,308,364,0,0,78,439,15,19,137,247,56,7,530,3,-0.16912954086147,0.134882700758356,-0.138722667612722
2013-05-10,0,2,3.76923076923077,1,25592,13300,3836,4452,7252,686,448,336,84,840,0,0,322,0,70,0,0,97,537,20,15,173,302,62,6,520,4,0.819610804819705,-0.702852751082025,-0.377046271391548
2013-05-11,0,4,3.82142857142857,2,21336,10318,6188,8358,5040,812,1092,2268,112,616,0,126,252,2030,28,0,0,89,509,28,51,194,266,50,7,510,2,0.100011211275411,-0.722142136224514,1.45046445693858
2013-05-12,0,4,3.875,5,26544,12516,6972,7406,6342,420,392,4536,84,616,0,0,0,28,0,0,0,108,588,21,22,219,291,78,10,485,4,1.02536935141504,-0.700701131048434,0.633070934786163
2013-05-13,1,3,3.72413793103448,10,16184,9450,5418,3290,4312,1456,2198,406,98,378,0,14,14,350,350,0,0,86,496,26,24,172,276,48,8,575,2,-0.770523716239008,-0.644080324976391,0.0959097804304253
2013-05-14,1,2,3.59375,1,15666,7000,7070,3080,5222,504,3570,462,140,476,0,0,42,70,14,0,0,96,535,18,20,183,286,67,9,520,3,-0.868272810089909,-0.91136423703837,-0.524826334507084
2013-05-15,1,2,3.8695652173913,0,20104,9688,7378,4886,7406,2478,3248,1232,126,1190,0,168,1736,0,0,0,0,90,488,36,25,158,267,64,3,510,3,-0.0352314449329618,-0.30355586611892,-0.228769161804434
2013-05-16,1,3,0,10,20636,12978,3332,7294,11956,4382,2142,826,56,812,0,28,462,84,154,0,0,107,572,19,10,204,292,77,7,525,2,0.0865325303644154,0.234786237466277,0.639866902755471
2013-05-17,1,4,3.86440677966102,2,11676,8918,4228,10346,11578,1946,294,448,294,574,0,0,882,98,112,0,0,92,514,32,8,144,311,60,6,495,3,-1.48973079898096,-0.54860237679483,1.11347287992997
2013-05-18,1,3,3.85714285714286,6,15918,9268,2086,5460,5726,868,966,294,70,868,0,0,714,378,350,0,0,78,435,30,19,134,248,53,5,425,2,-0.832767738849454,-0.80067459696904,0.292616889867919
2013-05-19,1,2,3.77777777777778,3,16212,9142,5390,4270,4186,1036,1106,700,126,1218,0,98,70,14,70,0,0,104,566,13,25,223,267,76,12,505,3,-0.755611021619122,-0.748791354858763,-0.277231643309592
2013-05-20,1,4,3.93333333333333,4,15904,12110,4284,7784,4088,4606,1316,392,70,1008,0,42,322,126,56,0,0,87,490,20,24,179,260,52,8,530,3,-0.727631073469677,0.204951992476876,0.738034173647067
2013-05-21,1,2,3.86111111111111,2,22596,13426,7056,1190,4788,2198,2702,2100,154,1260,0,126,420,154,322,0,0,98,532,13,16,175,281,76,9,515,3,0.396353440318267,-0.314194699207422,-0.765822202567091
2013-05-22,1,3,3.66666666666667,1,17570,9618,4242,2072,4172,2170,2842,252,56,1288,0,28,56,826,28,0,0,81,446,36,43,159,224,64,6,540,2,-0.512878325877285,-0.439548925784351,-0.263300042596093
2013-05-23,1,4,3.78571428571429,0,24052,14518,4816,1596,5824,2268,2226,882,84,1260,0,154,168,28,0,0,0,94,482,21,7,170,233,79,5,530,3,0.626528990795265,-0.289651801313809,-0.501711265873184
2013-05-24,1,2,3.73076923076923,0,14336,8834,8806,5222,6888,4004,2044,560,238,560,0,0,126,28,14,0,0,86,499,39,31,170,278,52,10,535,2,-0.989881346215664,0.0168382477282512,-0.166172876865278
2013-05-25,1,4,3.82758620689655,15,20006,10290,9408,6356,5138,1736,2492,378,182,882,0,126,112,168,28,14,0,91,512,29,47,167,291,54,3,515,2,-0.108002187107728,-0.523056151240092,1.09212022008205
2013-05-26,1,4,3.96666666666667,3,26320,17136,4620,5166,6342,3710,2758,616,238,1148,546,70,1652,112,28,0,0,106,562,21,18,161,304,98,8,520,3,1.0424650168666,0.127578019726611,0.367196642256144
2013-05-27,0,2,3.87878787878788,1,23800,13398,5516,3080,7028,3808,3332,728,280,490,0,154,2114,28,56,0,0,101,550,51,16,195,292,63,6,515,4,0.617998392352821,0.108300656386197,-0.576830171323418
2013-05-28,0,3,4.22727272727273,3,22162,9898,7784,4158,5768,812,3402,2170,154,462,0,14,1834,42,14,14,0,60,353,14,20,85,226,43,6,510,2,0.271545935653171,-0.708205308317195,-0.0850895488708536
2013-05-29,0,2,3.70588235294118,1,20776,12012,4368,4508,6650,490,3108,2576,126,784,0,168,378,140,350,0,0,53,279,33,5,83,142,54,6,500,0,0.0441086335466396,-0.78140106207799,-0.352468089770169
2013-05-30,0,3,3.79487179487179,3,16478,9716,3724,5628,8876,1904,1302,2968,98,882,0,0,168,56,728,0,0,92,510,18,32,185,259,66,9,535,3,-0.657897640660996,-0.461072251226856,0.0959155417875272
2013-05-31,0,3,4,0,19770,15902,7560,2562,4604,7334,614,540,90,330,0,0,60,150,700,0,0,106,559,14,8,175,304,80,4,520,2,0.013034338328307,0.998991823340601,-0.443923668511901
2013-06-01,0,3,4.03225806451613,1,26790,17640,3840,3720,7770,5760,5970,300,300,240,0,300,120,720,150,0,0,110,599,31,28,224,305,71,7,435,2,1.16479695949075,0.683311287701361,-0.0990120933173776
2013-06-02,0,2,3.94444444444444,1,23040,10230,8010,3270,4590,1230,1800,1950,120,300,0,30,0,60,0,0,0,4,112,44,276,16,59,38,3,465,1,0.415047044161564,-0.589675723077713,-0.537561319951853
2013-06-03,NA,2,0,0,8460,3210,2760,420,1590,210,0,360,0,30,0,0,60,30,30,0,0,106,574,12,25,186,303,86,9,520,3,-2.12775114765246,-1.10718594009831,-1.2428059147445
2013-06-04,NA,2,0,0,11220,5430,3240,2700,3720,240,600,1110,0,750,0,0,90,0,0,0,0,100,516,39,11,183,254,79,4,535,3,-1.62994832909946,-1.0337605478164,-0.799485427868495
2013-06-05,0,3,3.82105263157895,4,20880,13260,3240,2160,5550,2070,1860,450,270,1320,0,150,270,90,0,0,0,109,573,23,21,204,277,93,8,505,4,0.072214462892402,-0.392920619255781,-0.426065161968901
2013-06-06,0,3,0,0,15030,6180,5670,1020,4470,810,810,570,0,330,0,0,90,0,0,0,0,108,568,22,18,172,301,95,6,515,4,-0.979410026765523,-0.844885265874661,-0.844695135420555
2013-06-07,0,2,0,0,19590,6150,2310,420,5280,240,30,390,0,510,0,60,0,0,0,0,0,103,564,22,30,173,312,80,7,560,3,-0.242700342221054,-0.941443350670121,-1.20321851524555
2013-06-08,0,2,3.87,1,20790,7350,3390,1320,14070,10440,2820,1080,300,540,0,0,0,30,30,0,0,89,502,22,19,167,286,49,5,530,2,0.23461663594928,1.81735483528062,-0.94018803152749
2013-06-09,0,3,3.875,1,15480,9480,2640,2280,18930,16410,3120,0,150,120,0,0,420,30,450,0,0,84,497,40,33,139,300,59,11,525,3,-0.51269145134349,3.34169481492295,-0.628981796512028
2013-06-10,0,4,3.80952380952381,2,28620,12510,5490,3780,9810,1860,3000,420,150,450,0,30,90,30,60,0,0,96,532,42,31,152,313,68,3,520,2,1.35545552816767,-0.356934396447888,-0.0160433590952721
2013-06-11,0,4,4,2,19680,10230,4050,6570,6270,3660,840,600,180,660,0,30,150,90,180,0,0,101,554,39,11,187,298,70,8,505,3,-0.126807696952552,-0.00476174034309877,0.450661819613915
2013-06-12,1,2,3.89473684210526,6,18270,15840,2790,2970,19110,15480,2250,90,90,360,0,0,270,60,150,0,0,78,431,35,16,136,238,57,7,615,3,-0.0219311616241976,3.17351268282013,-0.556663813275889
2013-06-13,1,3,3.80769230769231,4,23580,12960,2970,4800,16170,9060,450,30,330,480,0,0,1140,90,0,0,0,99,543,38,17,183,294,67,6,575,2,0.688461246580923,1.50522096783781,-0.00926745249474727
2013-06-14,1,2,3.84375,1,11670,5850,2700,750,28470,25950,1830,420,150,60,0,0,0,0,0,0,0,96,546,71,30,176,308,63,9,505,1,-0.915888661243979,5.83265924119567,-1.18675968319851
2013-06-15,1,2,3.775,1,12150,4320,2280,600,18180,15300,420,30,60,420,30,0,60,30,0,0,0,97,544,18,37,185,290,70,9,505,2,-1.12348494633328,2.97407558633128,-1.15160785006315
2013-06-16,1,3,0,6,17820,11220,3030,3870,17430,12930,450,360,0,90,0,0,60,60,0,0,0,106,573,48,15,192,302,79,7,520,3,-0.193796008788409,2.45994792459208,-0.232972828733603
2013-06-17,1,4,3.69230769230769,2,27930,14790,2850,4140,9030,5070,1590,120,120,1080,0,0,720,0,90,0,0,89,499,61,33,145,290,64,6,515,3,1.31637392086059,0.493907870987343,0.00393043662710819
2013-06-18,1,4,0,6,24780,12750,5100,5400,6540,4740,2670,540,0,540,0,30,390,180,150,0,0,93,539,51,42,146,323,70,10,515,1,0.765156406653472,0.354113483177915,0.430248544235657
2013-06-19,0,3,3.54,9,21420,9960,2700,6420,4890,990,630,330,150,570,0,0,450,180,30,0,0,85,460,31,6,143,257,61,5,570,0,0.085445125747314,-0.701029686304532,0.487447535740567
2013-06-20,0,2,0,2,17580,15540,2220,1290,4350,330,300,330,30,810,0,0,210,0,0,0,0,83,479,14,33,128,283,68,11,535,3,-0.510795947917593,-0.879353833649672,-1.01170859746801
2013-06-21,0,2,3.69230769230769,1,19260,13110,2760,4380,5610,1830,390,1380,330,1140,0,0,60,60,30,0,0,98,564,24,41,168,324,73,12,525,3,-0.197008219163588,-0.456683398076623,-0.39982583312397
2013-06-22,0,3,0,7,17790,9840,4410,3360,4440,780,990,720,30,480,0,450,30,30,0,0,0,87,503,34,95,142,283,78,7,525,2,-0.497647114923431,-0.795797824945566,-0.231860588457997
2013-06-23,0,4,3.82926829268293,7,19680,10590,2970,5970,4530,1770,750,420,420,690,0,60,300,90,0,0,0,90,510,28,22,176,273,62,11,535,3,-0.17546914404168,-0.508407210348263,0.529274794913531
2013-06-24,0,4,4,6,26220,14340,3420,2880,7500,3660,2730,660,150,1680,0,60,870,60,0,0,0,91,511,27,17,163,296,52,5,505,2,1.01161751225471,0.102954672196425,0.00292561146875265
2013-06-25,0,3,3.69230769230769,4,22590,13290,3180,4890,7440,3540,840,480,90,810,0,240,510,150,0,0,0,86,496,24,24,143,302,51,6,515,3,0.386073456426481,0.0185462497785378,-0.00601046117642153
2013-06-26,1,3,3.80263157894737,6,22470,13620,5460,7140,5610,3270,2100,1410,240,1500,0,30,420,90,270,0,0,88,515,19,44,164,295,56,9,530,3,0.372393294156634,-0.0404750340857595,0.61279623241506
2013-06-27,1,3,3.7,2,22020,17910,6810,3930,9780,5730,2490,510,270,420,0,30,540,270,660,0,0,93,531,28,46,171,296,65,8,505,3,0.383054631835631,0.627953386550907,-0.0628888273010272
2013-06-28,1,3,3.77777777777778,4,21390,13650,4890,6540,10590,5520,1500,240,810,390,0,30,750,30,420,0,0,91,519,29,32,151,298,70,10,510,2,0.236137873537182,0.538459366548583,0.421742313479577
2013-06-29,1,2,3.76923076923077,3,21990,11010,2760,3000,12420,4380,1470,900,180,270,0,0,30,120,630,0,0,104,573,7,9,167,339,68,5,515,3,0.299252505493502,0.24146736188151,-0.545611122302421
2013-06-30,1,4,3.75,2,30960,16410,3360,1770,13530,2010,570,960,330,480,0,270,30,120,30,0,0,89,494,27,18,145,283,66,7,520,3,1.79559685472799,-0.24393606831006,-0.436700390752032
2013-07-01,1,3,3.72727272727273,4,25620,13710,4440,3690,8400,2730,1350,720,150,330,0,60,60,30,0,0,0,95,544,22,34,193,290,62,11,520,2,0.880367479258436,-0.150003151139623,-0.241015340430858
2013-07-02,1,3,3.88888888888889,1,22140,11790,3360,6510,16530,1620,900,1320,90,450,0,0,300,30,0,0,0,96,530,18,28,187,277,67,8,505,2,0.295746608284456,-0.464587219147145,0.102166364348636
2013-07-03,0,4,3.7,8,22470,13470,3240,8550,11130,3450,1980,420,60,510,0,0,60,90,0,0,0,88,512,17,43,145,306,61,8,525,3,0.359390938312566,0.00331310353595699,0.95535566395763
2013-07-04,0,3,3.98630136986301,3,22500,17370,3960,3630,10830,5670,1200,2910,180,2040,0,0,930,180,0,0,0,99,567,19,23,191,313,64,11,485,2,0.510492499650165,0.66223082196006,-0.189294134334835
2013-07-05,0,3,3.91891891891892,2,19470,10710,3660,2880,5670,1170,1260,150,330,840,0,0,1260,150,60,0,0,91,508,37,19,144,296,68,8,495,3,-0.206580600777227,-0.670694137575761,-0.328446552352115
2013-07-06,0,3,3.91304347826087,2,15630,9870,3390,5160,8010,3510,810,360,270,1110,0,60,60,90,30,0,0,88,492,17,34,151,272,69,8,570,2,-0.794500626208266,-0.0903121079056583,0.016863099605882
2013-07-07,0,4,3.92857142857143,3,26400,13680,3660,10140,4710,8100,1710,1950,60,390,60,0,30,330,0,0,0,92,505,17,7,181,266,59,7,530,3,1.11525649420185,1.29014174870207,1.10234636456892
2013-07-08,0,3,3.25,3,23430,14520,4470,6960,10860,6930,2580,1050,90,270,0,30,960,420,30,0,0,89,513,8,9,152,317,45,5,520,3,0.624314754310986,0.952039829066763,0.410026267668062
2013-07-09,0,4,3.88709677419355,4,22320,16830,3300,4350,6420,8130,2670,180,240,1350,0,30,990,90,30,0,0,79,434,12,3,118,265,52,2,530,3,0.465138044420853,1.24801045089006,0.155050569585943
2013-07-10,1,4,4.28,8,17220,15960,4620,11520,6990,15030,960,660,450,450,0,60,600,30,0,330,0,62,350,1,15,155,166,30,6,745,0,-0.248685969022889,3.01856223785223,1.48144418878881
2013-07-11,1,4,3.8695652173913,7,23340,12810,6750,9270,8820,5340,1020,390,150,1230,0,0,0,150,0,0,0,92,531,20,29,167,306,58,9,500,2,0.545613947677004,0.499403605696386,1.24153622212924
2013-07-12,1,4,3.88571428571429,4,17400,13920,2490,8880,8160,8250,300,180,30,930,0,150,30,90,0,0,0,89,512,18,38,158,299,55,6,500,3,-0.383806474663781,1.20653058965991,0.826167029722338
2013-07-13,1,3,3.76923076923077,5,18990,12180,4920,15000,6330,8340,1290,60,180,1920,0,0,90,90,0,0,0,87,516,22,41,147,315,54,9,510,2,-0.135938021706581,1.23013843325666,1.96829865201797
2013-07-14,1,3,3.81481481481481,6,23670,16230,5700,6690,9150,8490,1470,840,30,360,0,0,60,210,0,0,0,96,539,22,22,161,315,63,7,545,2,0.699896003435192,1.3709737139144,0.410623148231072
2013-07-15,1,3,3.74285714285714,2,17670,18300,4230,7020,6420,13140,1710,2430,210,1530,0,60,90,510,30,0,0,91,505,18,31,183,262,61,8,565,2,-0.156355434218814,2.5703018387155,0.420696969808068
2013-07-16,1,2,3.9,4,15150,9180,5250,8340,5790,5220,480,7530,30,900,0,0,60,240,0,5700,0,100,556,28,18,186,304,66,9,525,2,-0.765855677679509,0.466614435076696,0.456114249560538
2013-07-17,0,2,3.87096774193548,0,12300,5700,3360,1080,6390,1710,60,18900,180,360,0,0,180,0,30,18180,0,101,566,18,22,191,307,68,10,550,2,-1.20288953638525,-0.320581905844377,-1.09863770391231
2013-07-18,0,2,3.86486486486486,1,19440,13170,3960,4320,6930,4950,630,3630,210,1320,0,0,0,330,420,1890,0,89,486,35,9,156,276,55,3,535,3,-0.0689697156619489,0.409822178850474,-0.261038213357741
2013-07-19,0,4,4,5,11520,8670,3180,6510,4170,5550,1380,10890,150,960,0,150,240,30,90,9270,0,85,474,10,20,139,277,58,4,555,3,-1.33195955886541,0.562054314870405,0.442862274719191
2013-07-20,0,3,3.78125,5,19020,14940,0,10950,5190,8220,2700,3300,120,1080,0,90,30,420,720,240,0,95,533,30,23,175,291,67,9,505,3,-0.0895052465092196,1.27368530755299,1.1163168707957
2013-07-21,0,4,3.82758620689655,3,14340,10440,0,4080,4740,2880,2460,16200,90,900,0,0,90,150,1320,12090,0,96,539,20,15,154,320,65,6,515,2,-0.859302285941894,-0.00592935997893598,-0.0494909610923806
2013-07-22,0,4,3.80555555555556,4,16590,8790,0,12750,5850,8460,930,630,120,390,0,0,540,630,840,300,0,88,504,26,27,149,294,62,9,505,3,-0.586614006460271,1.21792912010488,1.73374107447994
2013-07-23,0,2,3.92857142857143,5,12780,9840,2190,5640,4590,7230,2820,780,510,330,0,0,30,30,360,60,0,92,529,21,23,172,303,55,9,535,2,-1.20364332894729,0.864007496932472,-0.0506125326046567
2013-07-24,1,2,3.8125,2,24180,15240,3960,5880,7650,5520,1770,1980,150,960,0,0,90,90,420,0,0,105,583,16,12,203,318,62,8,520,3,0.726514076114283,0.603793777112268,-0.0698289318151241
2013-07-25,1,3,0,1,450,1470,30,1800,240,1740,360,330,0,360,0,660,0,30,1290,0,0,95,533,23,17,186,289,59,8,555,3,-3.45562291445913,-0.815509537512201,-0.766459198786913
2013-07-26,1,4,3.88235294117647,2,16470,8970,1410,5400,7440,3960,570,780,210,1350,0,30,30,0,210,0,0,78,447,13,19,129,265,53,7,590,2,-0.656205281403652,0.0383125759690566,0.19606898665689
2013-07-27,1,4,3.84,9,19950,12540,3390,9780,8040,5280,1170,2250,120,1680,0,0,210,120,60,1740,0,NA,NA,NA,NA,NA,NA,NA,NA,NA,NA,-0.00968995639102713,0.474781417750313,1.32987411428235
2013-07-28,1,3,4.06666666666667,4,10800,10110,1590,9090,3180,9690,390,3180,90,1020,0,0,210,420,120,2910,0,NA,NA,NA,NA,NA,NA,NA,NA,NA,NA,-1.4637886230929,1.5256303711727,0.796380214414097
2013-07-29,NA,2,4,1,12000,9900,0,90,2880,5040,0,180,30,1650,0,0,0,0,0,0,0,NA,NA,NA,NA,NA,NA,NA,NA,NA,NA,-1.38055624920758,0.260504943662935,-1.23811445831788
2013-07-30,NA,3,4,2,3750,3360,0,990,2850,1170,0,0,0,300,0,0,0,30,0,0,0,NA,NA,NA,NA,NA,NA,NA,NA,NA,NA,-2.89846857368664,-0.907991462674239,-0.940395432384159
2013-07-31,NA,4,0,2,18690,8310,0,810,4860,750,0,240,0,240,0,0,630,0,30,0,0,NA,NA,NA,NA,NA,NA,NA,NA,NA,NA,-0.381495575722544,-0.806763710464398,-0.760045868718859
2013-08-01,NA,2,4,1,10110,3030,0,300,2880,510,30,420,0,570,0,0,0,30,0,0,0,NA,NA,NA,NA,NA,NA,NA,NA,NA,NA,-1.84824094062465,-1.00336536640299,-1.24998808819655
2013-08-02,NA,3,3.86363636363636,4,30120,15450,0,4890,10110,4920,810,600,330,2700,0,0,0,0,0,0,0,NA,NA,NA,NA,NA,NA,NA,NA,NA,NA,1.69188561284567,0.500339008730792,0.0893737090100986
2013-08-03,NA,4,4.01587301587302,4,21120,17700,0,4770,5640,9780,1410,5340,270,540,0,0,480,0,60,2580,0,NA,NA,NA,NA,NA,NA,NA,NA,NA,NA,0.355745003383588,1.76837605714226,-0.0622570474062547
2013-08-04,NA,3,3.80645161290323,4,18570,10890,0,5340,3720,5940,780,7230,120,540,0,0,0,0,0,6120,0,75,450,16,18,99,307,44,6,450,2,-0.195718796965706,0.702462552013345,-0.102458130062843
2013-08-05,NA,3,3.70588235294118,2,17160,7980,150,960,5580,1470,270,570,60,750,0,0,30,0,0,0,0,87,491,24,12,130,302,59,6,420,3,-0.610603422865498,-0.625921101435673,-0.891423397458897
2013-08-06,NA,4,3.4,0,7230,3090,1320,360,2730,690,0,90,0,0,0,0,0,30,0,0,0,97,535,16,23,205,269,62,9,495,4,-2.32944594166115,-0.997723194109676,-0.907117425403952
2013-08-07,NA,3,0,1,2550,1740,450,330,480,780,0,120,0,210,0,0,0,0,60,0,0,91,510,8,23,161,288,62,7,545,3,-3.12194034376105,-1.04027274365736,-1.0913915400839
2013-08-08,1,3,3.84313725490196,5,12900,7110,1560,3420,3120,3360,1560,420,150,150,0,0,30,0,90,0,0,97,530,18,19,177,287,66,6,530,3,-1.29896853966957,-0.190275040354389,-0.343483506777171
2013-08-09,1,3,3.91803278688525,1,17400,6690,1140,4110,6540,3840,960,3660,270,240,0,60,30,30,0,3180,0,106,575,20,8,182,324,70,5,475,3,-0.49276365714798,0.0505191469581213,-0.347154315056673
2013-08-10,0,2,3.90909090909091,3,10290,9870,1650,5310,3930,9300,930,300,210,570,0,0,210,0,0,0,0,90,479,20,16,141,268,70,3,510,2,-1.57674737454038,1.37234508924919,-0.281048994882403
2013-08-11,0,2,3.79166666666667,1,18420,13110,2340,2700,6810,4290,900,240,150,1560,0,0,60,0,30,0,0,101,566,21,12,172,332,62,6,510,3,-0.291057181777993,0.167425982121398,-0.690538288118229
2013-08-12,0,3,3.9,3,14580,18690,4200,2220,4530,12690,1650,270,60,960,0,30,390,0,60,0,0,89,466,7,9,126,256,85,6,555,3,-0.708884675472555,2.37609597073555,-0.590166379167061
2013-08-13,0,2,3.9,2,16980,5940,4020,5010,4230,4440,2490,1320,60,1140,0,60,690,0,0,1290,0,96,536,11,20,172,298,66,9,480,3,-0.573207321739859,0.150301022289203,-0.19732189022036
2013-08-14,0,4,3.92,9,25170,10080,4050,3990,10980,840,870,3240,90,1590,0,270,5910,360,150,2640,0,90,474,16,11,176,228,70,6,590,3,0.802090823622033,-0.643371726886605,0.477711463035531
2013-08-15,0,4,3.88571428571429,4,17820,9690,11490,4740,7860,4410,1770,2310,150,360,0,480,330,150,60,0,0,97,526,17,20,201,255,71,10,540,4,-0.356284469841274,0.194453948863876,0.293268175380107
2013-08-16,0,4,3.92857142857143,2,21000,8100,12300,5370,5730,4110,1710,4500,90,900,30,150,810,90,0,3990,0,94,536,22,37,163,301,73,11,545,2,0.166666481179729,0.171201194386938,0.475074595863855
2013-08-17,1,3,3.8,4,18330,13050,5880,2460,6150,2190,960,7470,30,750,0,0,0,1260,0,7080,0,93,543,24,35,149,324,71,12,520,3,-0.279114578394936,-0.278296081574199,0.0220967556542234
2013-08-18,1,2,3.74285714285714,0,16440,9270,5730,540,4680,600,840,10140,180,120,0,0,30,30,0,10110,0,94,522,28,24,171,286,66,7,540,3,-0.617430593206419,-0.697930218661809,-1.11456250021291
2013-08-19,1,2,0,5,18450,14460,9240,2820,5160,4830,1170,390,90,540,0,60,510,150,30,0,0,87,503,18,41,129,300,74,10,560,2,-0.255290292673375,0.31007988955074,-0.393385854912914
2013-08-20,1,5,3.71739130434783,4,21390,7380,7590,1650,8610,1260,420,12510,210,2130,30,0,570,150,30,12090,0,86,499,19,34,158,271,70,14,545,3,0.258677238350056,-0.436272169365468,0.124878787922951
2013-08-21,1,4,3.58333333333333,4,23370,10590,10020,3930,7080,2010,810,1830,90,390,0,60,210,60,0,0,0,NA,NA,NA,NA,NA,NA,NA,NA,NA,NA,0.496823649053271,-0.378390923837403,0.134068784835689
2013-08-22,1,3,3.92592592592593,4,18960,16950,6810,5700,4980,7050,840,9240,180,60,0,0,0,60,210,7590,0,75,425,30,54,125,243,58,5,565,1,-0.0189447816113761,1.07390658716801,0.0938938410986449
2013-08-23,1,4,0,2,15570,5490,8250,6300,3900,1320,1710,840,30,180,0,60,60,5280,30,0,0,77,389,12,12,118,193,79,5,540,3,-0.927259490439357,-0.728441690542154,2.32261585847259
2013-08-24,0,4,3.82857142857143,10,12660,8790,3360,10140,4470,6690,540,1770,120,300,30,0,0,180,60,0,0,92,495,16,13,174,255,66,6,530,2,-1.24175912197561,0.72194988339582,1.28146182459864
2013-08-25,0,3,3.9,12,13050,11370,7320,4620,3600,1950,180,5250,210,900,0,120,0,150,0,2760,0,110,563,6,10,187,280,96,4,490,3,-1.19163315497372,-0.454912844470908,0.299748179881262
2013-08-26,0,3,3.82142857142857,4,14700,10710,5580,9870,8850,5820,300,1770,120,510,0,30,270,30,0,0,0,97,508,26,5,176,262,70,4,530,3,-0.875172204893172,0.539955543239058,0.824687230643836
2013-08-27,0,4,3.92,9,24210,15390,5580,6330,5820,930,570,8400,150,2640,0,0,30,2490,120,0,0,110,589,5,7,195,317,77,6,535,3,0.719116439456635,-0.513528991156079,1.50228740117304
2013-08-28,0,4,3.82608695652174,6,28500,20940,8130,4980,6180,2550,450,7440,720,7530,0,0,0,120,0,0,0,87,490,17,42,161,266,63,8,575,2,1.56379893735169,-0.00298072083202252,0.887485449577874
2013-08-29,0,3,0,4,15660,10080,7260,8340,4410,5490,390,2760,1380,30,0,0,1320,300,0,1920,0,109,612,16,15,187,357,69,8,500,2,-0.722677456646723,0.468381644128133,0.894763497949695
2013-08-30,0,2,3.77142857142857,1,12720,13260,11070,4200,6750,1950,1080,4950,1560,360,0,0,0,120,30,4650,0,68,410,37,29,121,249,41,9,550,3,-1.21125409258741,-0.435180601847743,-0.0665766754370213
2013-08-31,1,2,0,2,15930,9540,8100,2100,7770,330,1230,4440,210,1380,0,210,0,180,0,3600,0,119,640,14,9,220,345,76,5,455,3,-0.74249639423573,-0.86557030606735,-0.564333392160616
2013-09-01,1,3,0,1,22680,17070,6300,930,6390,480,540,4290,690,1320,0,150,60,450,30,3930,0,84,465,33,5,152,261,52,6,535,3,0.420543999867135,-0.700826684142164,-0.501424859907688
2013-09-02,1,4,4.75,2,19920,14160,4290,3120,6540,1680,780,510,390,720,0,120,660,30,0,0,0,100,563,12,14,184,319,60,8,540,3,-0.0867193358048454,-0.498969329471331,-0.177696213627317
2013-09-03,1,3,0,3,24270,16710,6690,2250,5160,960,2370,780,60,0,0,60,420,30,0,0,0,97,539,11,8,184,305,51,5,545,3,0.639849678967663,-0.622699107408051,-0.532153800542467
2013-09-04,1,3,3.67391304347826,1,16620,17070,9510,2640,6630,2700,1770,6720,480,1410,0,0,450,90,30,5400,0,102,569,16,21,219,289,62,10,515,2,-0.493266353944512,-0.141809064033474,-0.306058083966647
2013-09-05,1,4,0,3,21060,14130,9060,3660,5340,1950,420,1260,60,330,0,0,150,180,0,300,0,102,572,15,16,163,347,62,5,500,2,0.116680942138635,-0.410567276145885,0.0490438313747969
2013-09-06,1,4,0,6,27240,20460,6960,2160,6810,1530,1170,12420,30,1020,0,0,1320,0,0,60,0,103,584,5,19,193,319,72,13,510,3,1.36868322837339,-0.203916202584189,-0.512259021430155
2013-09-07,1,3,0,2,18090,10950,10530,3660,3450,2190,390,300,30,420,0,0,780,30,0,60,0,98,535,17,10,161,311,63,3,510,4,-0.403565686965609,-0.425096819856427,-0.157770605951238
2013-09-08,1,4,0,5,13290,14850,7380,2700,2340,6210,4050,510,60,210,0,0,150,510,0,0,0,36,175,25,1,33,96,47,1,490,0,-1.0976342989034,0.614137538647074,0.00131839141816249
2013-09-09,1,3,0,1,14790,15330,4440,1380,3660,8850,960,600,30,330,0,0,420,60,0,0,0,96,526,26,11,187,293,46,2,500,3,-0.782432181958499,1.34238219617925,-0.830707768397707
2013-09-10,1,3,5,7,25720,19640,6280,3240,6480,2120,2080,6680,80,680,0,0,320,240,0,40,0,96,536,12,28,195,279,63,9,500,3,1.0204374945305,-0.171227414897216,-0.268054208594238
2013-09-11,1,4,0,4,17000,14360,10120,5680,4320,2240,1640,7000,40,760,0,0,160,4640,0,5920,0,89,491,15,17,184,247,60,9,555,3,-0.517284960778031,-0.300747638555095,2.09202091103852
2013-09-12,1,3,0,3,19800,14720,7400,3000,8400,2000,640,6520,640,880,0,0,40,0,0,5560,0,97,535,6,14,165,305,65,5,495,2,-0.0100355744325011,-0.303173937200835,-0.250027422049234
2013-09-13,1,4,0,3,17440,23800,7800,2480,4440,2440,800,15320,80,960,0,0,80,80,160,14600,0,97,523,13,8,159,296,68,4,510,3,-0.242382127445185,-0.0174858980985437,-0.248167590968308
2013-09-14,0,4,3.66666666666667,5,20080,12280,4640,1840,5800,3040,960,920,400,1120,0,0,80,280,520,0,0,100,540,20,9,189,289,63,4,520,4,-0.0492749279923704,-0.14635167222182,-0.0946202044429039
2013-09-15,0,4,0,4,19520,10320,4440,7040,5200,4600,920,920,0,320,0,0,1000,120,40,480,0,98,547,20,18,149,327,71,6,485,2,-0.132368178718432,0.242997444140895,0.568726060639775
2013-09-16,0,2,3.74576271186441,6,13280,11800,6520,6080,4680,2000,400,3280,400,1000,0,120,120,200,0,3160,0,94,521,9,17,182,281,59,6,505,3,-1.17587439908215,-0.465063442750858,0.241905502157561
2013-09-17,0,3,0,3,11960,16520,5200,5760,3840,4120,40,10600,0,920,0,0,200,0,0,10160,0,101,550,16,22,179,297,75,6,470,3,-1.23674454611396,0.235236083888019,0.0384229933529129
2013-09-18,0,3,4,2,16840,12160,4920,5200,10480,1560,960,3320,0,840,0,0,520,120,0,3120,0,102,547,3,16,189,291,68,3,500,3,-0.575278012552622,-0.523508302651028,0.0112857048702813
2013-09-19,0,3,0,3,22160,14560,5800,2760,3440,2080,720,9480,0,320,0,0,40,0,40,8400,0,94,509,10,17,188,258,64,7,515,3,0.387540001397952,-0.221042072112559,-0.475085030673342
2013-09-20,0,4,0,6,17080,17960,9760,5680,4080,4320,760,9720,0,360,0,0,160,40,0,8840,0,89,476,19,18,157,258,62,2,510,3,-0.373073310580423,0.337271561789426,0.423952711523886
2013-09-21,0,2,0,4,19600,24080,6080,4080,5520,2600,360,21440,80,1040,0,40,880,0,0,21320,0,104,555,4,8,187,298,71,3,500,4,0.193786039957131,0.160680701512572,-0.384585128765297
2013-09-22,0,3,3.70731707317073,3,24560,17440,3040,5720,13800,10840,920,8440,280,320,0,0,160,0,40,7880,0,100,537,20,14,160,303,75,4,505,2,1.0081655171225,2.15722705485677,0.00475255296843163
2013-09-23,0,4,0,3,24960,13840,5560,10400,7800,5880,360,6000,120,720,0,0,560,80,280,5920,0,88,490,13,27,150,278,62,6,495,3,0.885334853489194,0.760397934936459,1.21282894193896
2013-09-24,0,4,0,5,22480,12440,6200,7400,5600,7120,680,1120,280,720,0,40,520,240,0,720,0,106,579,11,22,210,297,73,8,495,3,0.438909371120557,0.962752722032751,0.821437301720174
2013-09-25,0,3,3.75196850393701,9,20680,10160,7160,4040,6160,3720,520,640,1080,480,0,0,80,120,200,480,0,104,589,14,18,195,335,59,7,490,2,0.0498034052607343,0.0251010432524532,0.310033116505411
2013-09-26,0,3,0,4,25160,10200,6080,4440,5320,2200,1680,3000,80,480,40,0,240,80,160,2680,0,93,511,20,5,174,290,47,3,495,3,0.782569334175493,-0.291772609766259,0.0193918112729706
2013-09-27,0,4,3.85915492957746,7,23040,12480,4960,4880,6560,3160,3200,2640,280,1560,0,0,80,40,40,960,0,99,540,17,25,195,281,65,6,490,2,0.479193413959037,-0.0458018684371927,0.410319702905156
2013-09-28,1,3,3.79012345679012,4,21480,13840,5720,3920,8040,5760,3520,1440,440,80,0,0,120,80,0,0,0,113,593,2,10,235,285,73,4,460,3,0.276101696136391,0.61928980747719,-0.156106451600265
2013-09-29,1,3,0,5,19400,9880,5720,3160,3760,1560,1760,840,40,240,0,0,40,0,40,160,0,91,508,19,23,197,257,55,9,510,4,-0.217607355774378,-0.568445286980393,-0.283546146895988
2013-09-30,1,4,0,4,23240,12080,10120,4360,6400,5680,2600,1440,80,400,0,40,200,120,0,40,0,96,541,9,13,167,311,64,9,500,4,0.558991040981233,0.593643653280226,0.238821764899386
2013-10-01,1,4,5,2,21320,11320,9520,2040,6200,5080,1000,520,80,280,0,0,640,360,40,0,0,93,514,22,13,172,285,57,5,495,3,0.206535740451737,0.389680665879584,-0.158389402622119
2013-10-02,1,4,5,6,24000,9320,9040,3080,10640,2400,1840,760,160,320,0,280,3120,200,40,0,0,68,360,27,13,121,191,49,1,590,3,0.6097124334373,-0.290486492494611,0.144436678758472
2013-10-03,1,4,0,2,28840,14280,6240,1840,13520,1200,2080,480,40,1440,0,440,4880,40,600,40,0,61,354,53,38,98,207,49,6,500,1,1.43701020752457,-0.517774312789473,-0.219207402375769
2013-10-04,1,3,4,8,36000,15240,10120,3560,12800,1280,840,80,0,1560,0,240,4800,200,360,40,0,94,490,2,6,146,267,77,2,510,3,2.62674847092228,-0.420197810533629,0.30647350551841
2013-10-05,0,4,0,7,25440,13000,15880,4600,12960,1960,480,320,0,1760,0,240,2880,320,600,80,0,95,504,7,4,143,289,72,2,490,4,0.881212534786408,-0.376690443241134,0.833120838808034
2013-10-06,0,3,0,3,25800,13280,15280,1440,10320,1120,200,400,0,1400,0,160,2600,40,80,80,0,97,519,2,13,177,275,68,4,540,3,0.928659373813803,-0.592621895402517,-0.269059817537096
2013-10-07,0,4,0,6,23640,11960,12840,3640,9280,2720,2520,440,0,520,0,200,2000,360,0,0,0,NA,NA,NA,NA,NA,NA,NA,NA,NA,NA,0.571421255572215,-0.203634429482096,0.383876938999759
2013-10-08,0,3,0,5,26000,11920,7360,3120,11960,1320,760,560,40,320,0,0,6520,40,0,40,0,122,664,3,5,177,411,76,1,475,3,0.944457489493302,-0.536425533591055,-0.160222176272588
2013-10-09,0,4,0,5,25680,9600,7840,3560,9320,1680,2800,440,0,760,0,0,3840,40,0,0,0,104,557,12,4,175,314,68,2,500,4,0.864772001899585,-0.467134449148613,0.164240943198766
2013-10-10,0,4,0,2,17480,10880,4680,3480,5120,2440,1680,920,0,960,0,160,3080,40,0,0,0,103,574,31,37,200,305,70,9,445,3,-0.484026275632198,-0.350281187902434,-0.118317687213989
2013-10-11,0,3,0,6,20400,13120,7880,3960,8240,1840,1600,1680,0,1760,0,40,6480,0,80,0,0,100,547,21,16,175,308,65,4,475,3,0.0513654877048707,-0.444934942223251,0.0883442013775927
2013-10-12,1,4,0,6,16640,9320,8720,5480,6080,2200,1480,440,0,400,0,80,2680,160,0,40,0,96,551,24,33,178,315,59,9,495,4,-0.647550648476314,-0.444225821476833,0.513365154412897
2013-10-13,1,3,0,3,21000,13680,9120,3960,10040,3040,840,640,40,680,0,120,3440,160,0,0,0,92,503,31,14,162,279,63,6,545,2,0.155975394781521,-0.128136636810379,-0.0407418870972615
2013-10-14,1,3,3.61904761904762,4,19480,13120,8760,1920,7320,6200,2000,1160,1080,720,0,240,1520,40,0,40,0,111,596,21,11,216,316,64,3,495,2,-0.0284885455937857,0.698902455816169,-0.296778171560234
2013-10-15,1,3,3.62790697674419,4,25680,15280,7040,2200,11560,6680,1400,720,520,560,0,0,1880,80,0,120,0,88,490,35,24,150,272,68,9,505,3,1.01973928437704,0.913000966695443,-0.332359778095634
2013-10-16,1,4,3.62162162162162,5,20920,11040,7760,6320,3880,880,1480,280,240,760,0,80,680,200,0,40,0,90,517,34,32,182,273,63,13,505,1,0.026631046500377,-0.736559463492834,0.679528339987249
2013-10-17,1,3,0,12,24320,9840,8360,6840,6600,800,1280,360,40,240,0,80,1040,40,0,40,0,86,479,30,31,159,258,63,7,490,2,0.585419166772418,-0.720507809339699,0.743881316897761
2013-10-18,1,4,0,6,20840,10400,7760,9840,6920,600,1040,600,120,360,0,40,1200,120,40,0,0,85,479,4,32,134,290,55,4,515,4,0.00830688093049143,-0.804095709315927,1.25754500725155
2013-10-19,0,4,0,14,21800,9560,10080,8560,7040,2760,1000,640,40,320,0,120,2280,120,0,40,0,107,554,16,7,181,293,81,2,495,4,0.219297734078876,-0.231645749752672,1.38346245113527
2013-10-20,0,2,0,10,17720,6160,3440,6200,11440,560,1960,320,80,320,0,0,360,0,0,200,0,96,529,27,7,172,302,56,4,485,3,-0.539542987445535,-0.865374563898845,0.23341211135047
2013-10-21,0,3,0,3,25080,9480,7400,2520,6680,720,2400,440,80,1120,0,0,1760,40,40,0,0,104,582,18,12,174,347,62,6,510,3,0.730341082534713,-0.730997303413006,-0.270916394950744
2013-10-22,0,3,5,3,25800,12680,9640,8240,8440,120,1560,760,0,1520,0,80,2440,200,0,120,0,97,529,20,9,175,290,65,6,500,3,0.871495494246568,-0.85450961316733,0.84554542551647
2013-10-23,0,3,0,2,15840,5600,7480,3000,4280,160,2160,560,1640,800,0,160,440,240,40,40,0,90,508,25,54,184,262,62,7,480,2,-0.84877604621469,-1.00577605599167,0.0191411477524823
2013-10-24,0,4,3.78494623655914,2,21880,14200,11680,3800,6200,1440,1520,800,1080,1040,0,80,400,160,0,0,0,92,510,16,27,165,272,74,9,575,3,0.261978085545079,-0.537348995569651,0.330580680923094
2013-10-25,0,4,3.5,1,21640,9520,7720,2560,6560,720,2400,640,120,640,0,200,2120,0,40,0,0,65,362,11,16,64,241,58,4,510,0,0.166202351082884,-0.76891987535675,-0.223619649276348
2013-10-26,0,4,3.7283950617284,1,19840,11840,6720,5280,6280,2240,4760,1240,120,880,0,120,2080,0,160,0,0,98,545,25,13,135,345,65,3,490,3,-0.0800821671831305,-0.359265544270215,0.235372563732318
2013-10-27,1,2,0,6,20280,9880,8720,7360,7160,840,680,2040,40,1040,0,0,1680,40,280,0,0,94,524,15,29,172,288,64,6,495,4,-0.046221484037949,-0.724192409570573,0.464962350398242
2013-10-28,1,2,4,3,23480,10920,6320,2080,5920,1840,1120,520,280,400,0,120,1320,400,0,0,0,93,525,5,20,171,299,56,7,505,3,0.489382230805954,-0.441971557747687,-0.523930209678811
2013-10-29,1,3,0,4,26360,9200,10120,4000,10160,320,1400,120,120,1480,0,40,2400,680,0,0,0,68,383,35,68,122,194,67,7,520,2,0.943955313279776,-0.827129316328195,0.381792241317901
2013-10-30,1,3,0,4,24880,7960,7280,4600,8160,840,720,1200,40,480,0,200,1680,120,0,0,0,109,586,12,21,195,315,77,5,490,4,0.696783396768539,-0.697035185837494,0.0509731406331525
2013-10-31,NA,NA,0,3,29240,7360,9840,6400,9760,720,1640,720,0,1200,0,0,480,640,0,0,0,88,493,22,22,177,259,57,9,500,2,NA,NA,NA
2013-11-01,1,4,5,2,21440,8160,2920,6400,8120,120,120,1760,160,120,0,0,280,80,0,40,0,99,550,2,25,205,283,63,8,480,3,0.0913661086855585,-0.909390806558447,0.312126596862636
2013-11-02,1,3,0,1,19800,9920,6880,6720,7720,2200,200,2360,0,160,0,2160,1920,120,80,0,0,NA,NA,NA,NA,NA,NA,NA,NA,NA,NA,-0.0550468335702947,-0.372551820788494,0.0274131365531903
